"alicia","bat2","bat3","bat4","bat5","bat6","bat7","bella","betty","black-panther","c","cat","cc","ccc","ccs","cerce","cerceson","cindy","cs","d","dcd","dd","ddld","eve","falcon","flapper","fran","gayle","gremlin","hera","hilga","hulk","jenna-bat","jupiter","kelly","ldc","lds","lsd","lucyson","mabel","marce","no-band","ola","opal","piper","queen","r","rc","rina","s","sam6","sc","scc","scs","sd","shania","sheldon","six","snow","son-of-ola","speedster","ss","sss","streblick","tiffany","vampison","vixen","winona","zaria","zelda"
0,1.97945270603437,2.72475131836974,1.80253919465956,1.51312557561097,2.14300616734037,1.96307412772969,1.53684034363442,1.94921095590068,2.01584965252755,2.09342579351384,1.75265055944607,2.39281971082064,2.65218831508442,2.02047951238301,1.6882522127208,3.55793920457014,1.6353344018027,1.67399834311201,1.63226695258789,1.83376693543945,2.23772519058058,1.91215661497813,2.36435106393326,1.9412998805404,1.60690393384652,2.0135680010992,2.20749279610616,1.44898014383151,2.43985833715354,1.76046604690988,1.55382736383316,1.95260883923049,1.8918811253319,1.52322561552796,3.99446743026187,1.77453736638832,1.85811340001259,3.44512334526994,1.9155890518477,1.87594160884402,1.92106684917632,2.46574727900872,1.80086371590238,1.34060362439649,1.72059282648986,2.55328874196357,1.98924870115948,2.26223034617113,2.30592956044536,1.95567153432512,1.92276515942288,2.11841914297053,2.21382321196603,2.22207386681421,2.46488021733458,1.85304748168303,2.50399661479563,2.26720686526328,2.21315477918342,1.65750995750296,2.02786798442769,1.56668616598927,3.78298412518931,1.36072178960403,2.04266303846838,1.05912352334035,1.68687357372437,1.38963146293693,1.40211726088782
1.97945270603437,0,3.08169465678855,2.40280540971512,2.25062394573807,2.67428697791985,2.25794227142156,2.04902696768042,1.801119602363,2.01198964151467,3.03461808978714,2.34681510362535,2.30358606305093,2.5042517675288,1.68132584675104,1.87687778254659,3.98017483086548,2.03410936309526,2.0922468252256,2.01440797436338,2.09115078471898,2.5836373382919,2.15877078026313,1.65753279889784,2.52361944161275,2.21370172326781,2.53093070205531,2.73103294872917,1.67772531441768,2.90456574725806,2.27471233265914,2.03225036416215,2.34036666221946,1.9079838317465,2.38454985848684,3.87309899615896,1.73714771126122,1.4673004710322,3.42380371787217,2.44970578719984,1.98705666553667,1.9428839741428,2.11851694183024,2.6658931970647,2.10077193978299,2.57821487117054,3.09957484003218,2.47235393620928,3.62790662936585,2.08562998400734,2.3382863011493,2.20280995390938,2.01021333692891,1.52710855002357,2.57629496959579,3.48117742645822,1.92011014562373,1.95823475848765,2.82585281285437,1.6375705369753,1.77715069917463,2.28567859252181,1.55279643073235,4.29163288421703,2.60162493674081,2.16390442380662,1.90561982885414,2.91694074719063,1.65786906328447,2.57680046672442
2.72475131836974,3.08169465678855,0,2.2142850199234,2.86446354217803,1.88420804082886,2.66576856928823,2.71266112424688,3.11020239373527,2.50735944529352,3.24535509084719,2.29971467228376,2.91105227332723,3.03826830635859,2.7851020860091,1.881506834747,2.39515284149731,2.98144072705532,2.72222715792928,2.7897488321621,2.62406554816072,2.92099917834493,2.47473916639769,2.73703841150993,2.87924266642129,3.25508209283975,3.61174322111622,3.70760383439449,2.67981689967658,2.96772348368647,2.97355063375918,2.71113078634591,2.26191621800693,2.75515983413707,3.01031660928507,4.90199580520129,2.81421057980853,2.5177523411472,2.89956491676197,3.47394093306659,2.08449004322238,3.04538524970236,2.86703863852209,3.49642328414425,3.49540891535456,3.22301492490357,3.74041301606662,2.78876706994676,3.11801926844221,2.86074231278924,2.93832658841256,2.09697289878141,2.96841971837683,3.37922839427703,2.99697653142569,3.75195942982411,2.64510208271694,2.74574873607578,2.82858387043641,2.40734946375586,2.97186642759973,2.79620761866204,2.74199501904683,3.56089422916738,2.96360996646214,2.11067960772936,2.63530767308142,3.55349779797217,2.49821805026845,3.31558002376378
1.80253919465956,2.40280540971512,2.2142850199234,0,1.60874505894191,2.38515429723018,1.47475587749601,1.37430484020997,2.65052339275941,2.15941210188494,2.24954392860614,1.89034530097956,2.76334660727255,2.51188901696267,2.09218657533405,1.21867553931151,3.76754365940942,2.5360267562401,2.14909849857246,1.86744563072249,1.68964332202268,1.60669763904378,1.67641532363108,2.30562936397622,1.78998735971798,1.89805091346925,2.94290800131188,2.82364577685159,1.74946245262342,2.97013964414755,1.85217173410139,2.01148843069842,1.97342647922755,2.28664294761224,1.9888404875823,4.78709036211075,2.02749510728925,1.90307358285863,2.74348928592313,3.07376554219178,1.72543789582752,2.18022921964903,2.1446319317409,2.93594030029843,2.27252660286607,2.44813358237823,2.959386469658,1.34321844877783,2.48076681536517,2.23503414362894,2.17576780083013,1.62687316591492,2.25437348955845,2.81737010503387,1.90182428944477,2.8975379159809,1.66385409448802,1.99023899149481,1.63902451613313,1.90967256327144,1.99237415544947,2.35314844025675,2.02847239941338,3.09314938347946,1.82741138411935,2.09081738972731,1.76445473189997,2.71892896072389,1.564814129458,2.66524176412206
1.51312557561097,2.25062394573807,2.86446354217803,1.60874505894191,0,2.57873139857698,1.68797134628328,1.82713952694872,2.28278905482922,2.19209215708432,2.23432518865186,1.59333530426792,2.67760651599173,2.67846321188698,1.94658571890458,1.64871989966492,3.93356901384513,2.27219501254295,1.78168068295379,1.75175729063385,1.46287593729372,1.79881433676709,1.55194415914365,2.41844891537548,1.65482508854827,1.69488934136005,2.26627955457423,2.15131869404662,1.66558924605879,2.5876644331265,1.33595348773783,1.86444806635124,2.20453023380989,2.18153143354814,1.89424327555302,4.20312809270035,1.77993920681418,1.78712026238254,3.18619356554143,2.57378863262896,1.95893142260886,1.53796364653742,2.06405243558804,2.3998651549071,1.6404825771185,2.34954704423178,2.57132177562873,1.67104797008087,2.28866245069611,2.25176438330466,1.4780844313689,1.91344799220801,1.90215545491602,2.49254276865455,1.95224627065212,2.76249036754228,1.88734103958268,2.28984684202494,1.58151129885427,2.1205902472376,1.80233358179941,2.27237718431424,1.67360088039018,3.83568655080898,1.58125685217405,2.31151810514461,1.23475695338264,2.22411252294121,1.64843399265779,2.21892559644813
2.14300616734037,2.67428697791985,1.88420804082886,2.38515429723018,2.57873139857698,0,2.48594891317031,2.65208539042686,2.57480821000043,2.3927551576746,2.90555287615291,1.85532005083365,2.7055985994939,2.88562495753634,2.51498238697545,2.16617058374575,2.63079331282231,2.48867783613434,2.14162441254125,2.52858033386119,2.48412743324947,2.89525161341449,2.42837406012327,2.38119519674976,2.5927778521076,2.91285113964916,2.88332519677363,2.94267515705712,2.56329797293629,2.5527622240939,2.63690199154048,2.50663228513895,2.14006356218372,2.4440407540636,2.81450744953669,4.28296048959267,2.35343024752156,2.10987663539879,3.90544065511023,2.82128391145025,2.297868020633,2.45664257378249,2.52209674502285,2.8826328355626,2.98924593914717,2.90803650794974,3.2015300639532,2.69966853252945,2.9627321501399,2.66295580135369,2.63678902810479,2.18948812632414,2.55697341601027,2.6173811772436,2.81935639578143,3.4845392429275,2.55489264566391,2.49242271089688,3.04887286148508,2.23844270032746,2.72358425272748,2.67848590946188,2.24552261640732,4.50101281024554,2.54706422976163,2.36337819812485,2.26085395702764,2.68469162914878,2.31808679224471,2.620344844218
1.96307412772969,2.25794227142156,2.66576856928823,1.47475587749601,1.68797134628328,2.48594891317031,0,2.06036880498729,2.60844123420209,2.55613015562446,2.41447851251051,1.99183698464221,2.89795283181383,2.77745649427827,1.98220593002729,1.58550966659383,3.79050590323958,2.50669997292503,1.95137534446235,2.16515844687795,1.73545795277325,2.10105121399994,2.19344435604608,2.36544783874008,2.29376026377762,1.96502995039275,2.88888963369315,2.43366035527159,1.78899423483709,3.08775548937322,1.84211677582293,2.12467233193448,2.20321432341035,2.25786394406087,2.30181228517269,4.68568248128127,2.22596239965394,2.01330320506249,2.98521765929531,3.00390945213492,2.2631236483789,2.01304893410847,2.17598694355526,3.25849172176114,2.07250499710926,2.59488716980989,2.79510928365922,2.20856302589609,3.01748738367778,2.23381244103819,2.20344809586221,1.80523312981891,2.08476802760153,2.37158887459034,2.39284773456409,3.54965192868995,2.03212046783884,1.98727356792096,1.79272364414716,1.97115753952378,2.22743375209103,2.70431702525758,1.90568293220413,3.87561750367851,2.16055244445426,2.20892708248697,1.68332950320556,2.51814497004417,1.69653645944126,2.8880812300775
1.53684034363442,2.04902696768042,2.71266112424688,1.37430484020997,1.82713952694872,2.65208539042686,2.06036880498729,0,2.66348456762047,2.26349917776352,2.82264709632696,2.11097230395365,2.80359002896343,2.68994954348506,2.42457089964949,1.53181099583285,3.70455095771669,2.52469227568203,2.52978563123105,2.17881496753278,2.24714273278327,2.28396963039855,1.8696925793144,2.55507165609539,2.08296467804245,1.30384681904805,3.04189556896242,3.14965219065746,1.62209342197299,3.03272381425583,2.41166097356782,2.11063132326126,2.362498568264,2.21596326598441,1.76858386645464,4.83862511025596,2.2464036987512,2.13413343167694,3.16192953217687,3.01832417602745,1.64065006157625,2.53327473622994,2.67145420792936,2.41582072729951,2.05441987692415,1.92882713139237,3.44483703043122,1.88121522767194,2.34189441932422,2.71088531721003,2.44902720857863,2.25322975396637,2.6454532939233,2.76504266299083,2.20172257770163,2.33205553808908,1.19103708327066,2.46296744255133,2.24129335791215,2.21556959355326,1.17236904884867,2.24501262636188,2.22815318385483,3.25312635701737,1.49949873975244,1.76736938667475,1.74031516412283,2.71787022687094,1.20424086234781,2.19799016652958
1.94921095590068,1.801119602363,3.11020239373527,2.65052339275941,2.28278905482922,2.57480821000043,2.60844123420209,2.66348456762047,0,1.3874066115574,2.33142109909784,2.10887615087512,1.24732932541272,2.22421745774646,1.09743589629978,2.23949147823731,4.18180864901893,1.115772986683,1.21446196379295,1.20610067465735,1.58902975165681,2.22936137591177,1.94365888543284,1.96551037674313,2.1481821912778,2.88553330052723,1.48912823289874,2.2844711569134,1.66956681671123,1.97409325643098,1.70409316771755,1.44558843115147,1.48985700544622,1.51768676701501,2.3737010725189,3.29760383954259,1.67016222220965,1.3754803593121,3.4898529234605,1.23697928874911,2.03086244335887,1.33613732729401,2.07688828836057,2.2131982764486,2.55692451023781,2.46764733563258,2.43741881296316,2.34632433637753,3.3592748783025,1.49468170735483,1.78570422303554,1.75495826827803,1.12280089305264,1.4330728946948,2.2366443188186,3.32927280024996,2.67720495040057,2.25931054403043,2.6840550404099,1.89475214167354,2.56371060747332,2.21850273558894,1.1874581405562,4.44673900098537,2.58985697765696,2.56583389526538,1.75388332012577,2.85640030324116,2.18863995004887,2.05249090896651
2.01584965252755,2.01198964151467,2.50735944529352,2.15941210188494,2.19209215708432,2.3927551576746,2.55613015562446,2.26349917776352,1.3874066115574,0,2.42165880078586,2.07059377491045,1.47287062323924,2.44951714490746,1.15643447499736,1.80773303433656,3.96458061261282,1.83060279892372,1.61601045912474,1.2291180124368,1.60938525586366,1.98644305674158,1.67291319686389,2.0063072011666,1.86064201720446,2.72617336272828,2.1735010611675,2.9118710237537,1.55856582397996,2.0647837456368,1.84558826482498,1.70650270406997,1.31752503786153,1.90666541578588,2.15980614834942,4.07608534531115,1.87472812743119,1.53152734705961,3.241368520812,2.02338146712009,1.40167307798937,1.78706921333341,2.30918693061674,2.2545564959751,2.6622844237526,2.36832096266735,2.86696436831156,1.85530538996749,3.05986928492276,1.51304464297328,2.212368738659,1.47858222112813,1.38728679562626,2.07155195000944,2.08925425665935,3.03373803623076,2.47034947387292,2.34479908336576,2.48318145577655,1.74108098558247,2.4174759646266,2.23052514776401,1.43416805934969,4.094467189518,2.44113590324809,2.43551977048636,1.78959368714373,3.10912907648923,1.85937422333752,2.0896973726125
2.09342579351384,3.03461808978714,3.24535509084719,2.24954392860614,2.23432518865186,2.90555287615291,2.41447851251051,2.82264709632696,2.33142109909784,2.42165880078586,0,2.60014223146333,2.70536007458103,2.86967534006966,2.19016690624959,2.26392152325915,4.50829917444863,1.80841981614258,1.58564828527167,1.5154501033343,1.69486376434173,1.99397078149512,2.41216922222947,2.82930472801794,2.26532740736358,3.02674647537536,1.8369432675544,1.82696950069782,2.31067967348364,2.90850324808756,1.68872267458366,1.82153534975727,1.96268043299406,2.67248517870703,2.34467585861974,4.1551749392502,2.11197476539692,2.49911074081241,3.47931618025114,2.18180404952256,2.66640108133446,2.14473735562035,2.6009694957993,2.88085839542648,2.44259323949256,2.77345131936902,1.31907374823991,1.83954662887799,3.04916739565216,1.95221368792628,2.3580046491191,2.00858931227051,2.1201298737229,2.93395345238863,2.3681725138799,3.41037986064651,3.14489619514772,2.79267578761732,2.32847901864467,2.80507493634136,3.16043285436249,2.50025924830978,2.17693204314934,4.10241300332984,2.5046836865036,3.27466805736691,2.10562738836859,2.15077529355709,2.69149040093274,2.54451014159725
1.75265055944607,2.34681510362535,2.29971467228376,1.89034530097956,1.59333530426792,1.85532005083365,1.99183698464221,2.11097230395365,2.10887615087512,2.07059377491045,2.60014223146333,0,2.05418427007957,1.99464965746737,1.89831374005642,1.77675898127961,3.31077415613842,2.23974043827363,1.58097692238344,1.90506912981798,1.64292582232044,2.08702724049046,1.14770028330238,2.25728046800709,1.36096420228167,2.27539294047444,2.58221044196913,2.50439653463701,1.91266628784756,1.61847083597072,1.86058637822711,1.86811737959056,1.73509123488011,1.69035070557414,2.59313559145362,4.10284517133249,1.70497554620132,1.50360350815362,3.20080126141758,2.67767571654865,1.81125246007376,1.66582648905231,1.77766737286654,2.42083555208213,2.53377426340052,2.66214776923514,2.98829229240732,2.03082473494472,2.01094071474286,2.328174163354,1.32419221308557,1.55693604508509,1.92941080045082,2.37935340215047,1.65604733162568,2.87239043198857,1.69724599702464,1.99055554845739,1.94209913295645,1.74828803178254,1.99779938913419,2.16508120138684,1.64852645856115,3.73246961529852,2.03713949834114,1.78299505366229,1.69222912841518,2.71990335665087,1.75296200256956,2.33522396534967
2.39281971082064,2.30358606305093,2.91105227332723,2.76334660727255,2.67760651599173,2.7055985994939,2.89795283181383,2.80359002896343,1.24732932541272,1.47287062323924,2.70536007458103,2.05418427007957,0,1.81942729445852,1.58970453582818,2.32857321908273,4.05142029957829,1.68485609074988,1.62131632382619,1.56992137834807,1.79103266151065,2.42464519373397,1.83271581776251,2.29631851982219,2.01257526054077,3.10460321028919,2.44271354283668,2.97592551334652,1.82974135391142,1.5711495795727,2.2421099704214,1.57527765345796,1.33941969780143,1.84930224881521,2.83318839354015,3.91319391673773,2.02893920361347,1.76076155259298,3.27739503222011,2.11086487019883,1.7262177165458,1.95786016105347,2.3530689817247,2.46718017863223,3.18971933120001,2.83395908639444,3.09122075999246,2.46180397952678,3.19461203919997,2.05338368426938,2.15633966438149,1.71847309574987,1.60796384670651,2.19313351722904,1.93142387109585,3.19790697151432,2.72410461839379,2.4474754085077,2.58884750843027,2.00126651899805,2.74595162049875,2.24204427100871,1.64335525116021,4.15214620106038,2.91191250405617,2.43859744962383,2.26391181589408,3.42978326803391,2.2757590258044,2.53644582246374
2.65218831508442,2.5042517675288,3.03826830635859,2.51188901696267,2.67846321188698,2.88562495753634,2.77745649427827,2.68994954348506,2.22421745774646,2.44951714490746,2.86967534006966,1.99464965746737,1.81942729445852,0,2.18057833620553,2.33083323259041,4.27046920905198,2.28441140282136,2.10462693175285,2.07395650502978,1.87732696280122,2.28770722637149,1.95972701012739,2.29529932709272,2.00206717310805,2.98965516940871,3.09515262894111,3.02415382464574,2.31687677251898,2.3149847245276,2.62585384254121,2.03121426929431,1.85074672564643,2.40877144559377,3.33904579123129,4.25437240898353,1.82647437188336,1.78647397408898,3.08953094453807,3.02234074880944,2.01774455745955,2.2889115514218,1.7393684609302,3.17754646378006,3.39396198755276,3.51243536406161,3.28483690763314,2.16780015665151,3.26741229991157,2.46794834376234,2.11290795827399,1.90720886626754,2.22528121349338,2.65692151875123,1.51768805672669,3.48551144149437,2.23144459671271,1.82702083266888,2.21187541195256,2.02019062313048,2.61683976927634,2.36210531585478,2.19891940913362,3.59642637933439,3.14734017268756,2.48967971838145,2.54742329816801,3.61456104960089,2.43885753683392,3.30385239245239
2.02047951238301,1.68132584675104,2.7851020860091,2.09218657533405,1.94658571890458,2.51498238697545,1.98220593002729,2.42457089964949,1.09743589629978,1.15643447499736,2.19016690624959,1.89831374005642,1.58970453582818,2.18057833620553,0,1.7688603285391,4.20198156209739,1.6559047739647,1.11825061179549,1.05429549518441,1.09257817333324,1.69823295689739,1.652311771155,1.68990601925926,1.8154930720173,2.67467745777097,1.93023731756845,2.32505646714998,1.4675085234457,2.15010045709376,1.36983710031543,1.56144260189112,1.34659329206795,1.64152795470008,2.31223760404191,3.79659995298602,1.51076624537367,1.11130204336905,3.07358668006722,1.97206025340455,1.83120576241642,1.12535137117616,1.63711452381708,2.64026986940172,2.42694948419178,2.58338422466152,2.40387352690258,1.90312971072335,3.30082253508547,0.926375533425134,1.72311748920076,1.23190234363725,0.623729276387826,1.50201155469586,1.95951785682767,3.49438620783917,2.3923456738503,1.73882306178282,2.16125912197861,1.34376292058701,2.43888055083512,2.30327607417181,0.983836451737027,4.15959758085034,2.57593704489264,2.4450237250375,1.61182983512015,2.96993453415641,1.88095633624684,2.42601266208662
1.6882522127208,1.87687778254659,1.881506834747,1.21867553931151,1.64871989966492,2.16617058374575,1.58550966659383,1.53181099583285,2.23949147823731,1.80773303433656,2.26392152325915,1.77675898127961,2.32857321908273,2.33083323259041,1.7688603285391,0,3.314688201083,2.01046489413425,1.79953714024075,1.6702800346972,1.53615847500174,1.97320320751605,1.57529846756436,1.92558385152151,1.92995621076081,1.96247947380695,2.65909387785707,2.66920849403066,1.37429765395941,2.60421988600994,1.85154953232633,1.67613582254639,1.69223084769888,2.00177162517109,1.81157421607924,4.43522545780299,1.6779134432849,1.57641947995973,2.46476079846763,2.68291944750043,1.23684520962062,1.97461190913686,2.07139375490152,2.60448327348934,2.16271678428591,2.2561960001639,2.7077538804739,1.65253608322552,2.61359737955206,1.94333814760618,2.0321822379345,1.37982937064977,2.00462169605125,2.48250975723298,2.0088525825185,2.91807925425819,1.60232020425608,2.03022109107122,1.77799464066452,1.67961626854465,1.73046821839426,1.70563961192955,1.63768653681931,3.23357493593557,1.98338575369695,1.59661032467255,1.45261600429115,2.61039332344675,1.34700631722189,2.42795406909296
3.55793920457014,3.98017483086548,2.39515284149731,3.76754365940942,3.93356901384513,2.63079331282231,3.79050590323958,3.70455095771669,4.18180864901893,3.96458061261282,4.50829917444863,3.31077415613842,4.05142029957829,4.27046920905198,4.20198156209739,3.314688201083,0,3.94113728540564,3.9434301702168,4.14161774517234,4.07676167709861,4.34601366056843,3.75264038825186,4.06446880702005,4.20380479113502,3.97412417719797,4.5395263013869,4.64489099754729,3.75626774966161,3.90117830289263,4.22835278202043,3.7222146860008,3.79317160546621,3.58733621533901,3.88871273004015,5.64768754045004,4.13723870061198,3.8581171835498,4.63646507493012,4.24219201682458,3.45838300948166,4.22184923316713,4.24383430168974,4.05995388977336,4.24134548931089,3.78246974095397,4.87774429285913,4.28177076660595,3.74209668454782,4.40536448263184,4.00796895184626,3.81567775674382,4.29319758879039,4.3614797316566,4.30517455107342,4.3185461609512,3.63433905015793,4.10858570281949,4.16937037609919,3.79304306630198,3.62428994190464,3.56805325057636,3.84902202888617,5.04416350913846,3.62377059646501,2.82237419579747,3.64003346450537,3.98702163718158,3.45297227170148,3.98704331768841
1.6353344018027,2.03410936309526,2.98144072705532,2.5360267562401,2.27219501254295,2.48867783613434,2.50669997292503,2.52469227568203,1.115772986683,1.83060279892372,1.80841981614258,2.23974043827363,1.68485609074988,2.28441140282136,1.6559047739647,2.01046489413425,3.94113728540564,0,1.18116282545634,1.32701874309544,1.65222710776912,2.42879048811191,2.15999735901298,2.17017483235298,2.34275862442411,2.75208361783985,1.41065196647693,1.90697483012851,1.72603904031699,2.25173931811965,1.82353099700018,1.23758752940922,1.53831156812426,1.78281544212214,2.08644639704629,3.29977960572554,1.66161373033631,1.7393088443323,3.29983599972008,1.11637931626359,2.02774817074383,1.70211271713601,2.3383429943129,2.16732611042877,2.3121665948248,2.21662955583229,1.94214034010073,2.30579131433289,3.14797029866101,1.79346185013113,1.95343385673357,1.79169728678498,1.69534228982827,1.90794818193099,2.36967865488158,3.16293621607229,2.67276423373923,2.48713845490473,2.6233454049785,2.25309646319151,2.53272070315678,1.88855893515304,1.49345028659358,4.19541848603219,2.33815925966622,2.46563735499586,1.63710994339846,2.25859330245722,2.17189388876376,1.90593500746706
1.67399834311201,2.0922468252256,2.72222715792928,2.14909849857246,1.78168068295379,2.14162441254125,1.95137534446235,2.52978563123105,1.21446196379295,1.61601045912474,1.58564828527167,1.58097692238344,1.62131632382619,2.10462693175285,1.11825061179549,1.79953714024075,3.9434301702168,1.18116282545634,0,1.06956147829104,0.99016319676214,1.90658304289118,1.65091772473383,1.9691376064987,1.68748508743013,2.62619376997159,1.51112704888886,1.60383442565596,1.63021153665261,1.82950677660298,1.18736978515904,1.34238563328396,1.18655014780476,1.68803028734152,2.2726820654075,3.54277427808553,1.33759367290388,1.37686797993973,3.14134191019216,1.66366909656515,1.95619807124506,1.02706690117546,1.75920111895909,2.36773350168197,2.2496625554101,2.48124391667691,1.77399013770449,1.90531541169404,2.86035380858267,1.38147417150945,1.48849296110759,1.15576764322731,1.05436712559283,1.77071512076817,1.86864696020554,3.24552037095972,2.47756723732663,2.02453471055434,2.08505025912893,1.83067839331064,2.53729975622356,2.08406578786471,1.06965782447918,4.13069998058488,2.29582364531808,2.43916711143747,1.4394470409226,2.26943991744934,2.01501795097775,2.11853297693496
1.63226695258789,2.01440797436338,2.7897488321621,1.86744563072249,1.75175729063385,2.52858033386119,2.16515844687795,2.17881496753278,1.20610067465735,1.2291180124368,1.5154501033343,1.90506912981798,1.56992137834807,2.07395650502978,1.05429549518441,1.6702800346972,4.14161774517234,1.32701874309544,1.06956147829104,0,0.921777680945338,1.34296226125981,1.49581841138725,1.94625161486429,1.49865118673582,2.47270963132967,1.63168368595372,2.1944375224827,1.3091179433307,2.10109588666225,1.19156957031735,1.02732632281936,1.21316467879607,1.81305452222334,1.95672963107687,3.88134805191881,1.37155196432901,1.41747359380351,3.15531557468416,1.67499229820589,1.66802892835812,1.3406885665689,1.85622302564499,2.22313636999376,2.2126361046496,2.36061321980521,2.08087573355264,1.36527548842095,2.8544903762001,1.23316699639037,1.68236656119033,1.31209391107673,1.08048925661468,2.05824129815928,1.59353766024748,2.95985464790288,2.37711654159788,2.03771336210529,1.8884264190956,1.76825293161178,2.32197901387997,1.88089455042661,1.10277695110227,3.82424271104453,2.23783816669058,2.49282168584043,1.48698208034891,2.5612264179208,1.83494261996777,2.08793818004719
1.83376693543945,2.09115078471898,2.62406554816072,1.68964332202268,1.46287593729372,2.48412743324947,1.73545795277325,2.24714273278327,1.58902975165681,1.60938525586366,1.69486376434173,1.64292582232044,1.79103266151065,1.87732696280122,1.09257817333324,1.53615847500174,4.07676167709861,1.65222710776912,0.99016319676214,0.921777680945338,0,1.25030372977375,1.40799516330711,1.89631916980092,1.43983851385056,2.39337567591924,2.01572447589393,2.0328541327696,1.42306915321693,2.18033654316939,1.07906908755331,1.32802793209343,1.25753556783048,1.94095482728916,2.23170792389542,3.98675386802203,1.30035607504155,1.31711345524786,2.78552510767183,2.20045539673337,1.68072982599236,1.16319165921919,1.42667574746046,2.68361611916254,2.28212657192292,2.63195403444694,2.12282859131365,1.37117033072096,2.84711773466404,1.36647546561846,1.46139877210798,0.940163061990164,1.03914938727114,2.05673307492513,1.4703137050979,3.20826033265889,2.24403899913726,1.63854150748718,1.38470987687645,1.57264662555279,2.35995907583686,2.10403908063587,1.17260339853733,3.64870956790416,2.32759902603788,2.36495321577758,1.48225631766359,2.61329005111612,1.77372643440005,2.53169964469802
2.23772519058058,2.5836373382919,2.92099917834493,1.60669763904378,1.79881433676709,2.89525161341449,2.10105121399994,2.28396963039855,2.22936137591177,1.98644305674158,1.99397078149512,2.08702724049046,2.42464519373397,2.28770722637149,1.69823295689739,1.97320320751605,4.34601366056843,2.42879048811191,1.90658304289118,1.34296226125981,1.25030372977375,0,1.70399301835682,2.48831733663606,1.54320179211121,2.63839200592944,2.57539972561156,2.76115641847085,1.84124148069343,2.76550960681105,1.5155951346602,1.86305728630922,1.81441205742676,2.37271718211435,2.47090232592065,4.70095455319252,2.00587445754832,1.93874626193298,3.24187245174651,2.77089785796139,2.13189416128938,1.8733590664067,1.85309193902482,3.04916790316873,2.68355782536212,2.90003494875847,2.72511080020899,1.1803567420537,2.98624543210611,1.80835812010245,1.97083842837051,1.67012196051348,1.6402237173566,2.69522184987775,1.55015627487601,3.33738649592381,2.40381562185275,1.9035954820902,1.53438314820096,2.01212412364155,2.62633689862656,2.61352776274175,1.85177637700269,3.66322785843417,2.50525931972562,2.82526218712766,1.99699513760309,3.11239010849456,2.13010651356806,2.89531262443752
1.91215661497813,2.15877078026313,2.47473916639769,1.67641532363108,1.55194415914365,2.42837406012327,2.19344435604608,1.8696925793144,1.94365888543284,1.67291319686389,2.41216922222947,1.14770028330238,1.83271581776251,1.95972701012739,1.652311771155,1.57529846756436,3.75264038825186,2.15999735901298,1.65091772473383,1.49581841138725,1.40799516330711,1.70399301835682,0,2.14818141652205,1.02136757514122,2.30743506457763,2.47712948268853,2.64985282000491,1.60436365064217,1.84969974449131,1.58615888437564,1.57001914703309,1.67772039517583,1.55405498844779,2.2701644102604,4.15532112044592,1.59293837109324,1.42245567676302,2.90136890724498,2.64397988973888,1.5085466433682,1.52104387631239,1.82173878465354,2.30009435217306,2.54621838637725,2.49125377045685,2.89499164011685,1.53425231588127,2.15530852033789,2.06975265028733,1.27720978992979,1.47206603432563,1.78186599039846,2.53937091459064,1.24538179960901,2.58524313475508,1.78212912719456,2.04572886165927,1.77027600316707,1.72449505653509,1.94433250289767,1.80029206879467,1.5733396928317,3.40288995881152,2.0073368227511,1.91705016448675,1.7427405393213,2.96467683000356,1.73029020579226,2.35090016917508
2.36435106393326,1.65753279889784,2.73703841150993,2.30562936397622,2.41844891537548,2.38119519674976,2.36544783874008,2.55507165609539,1.96551037674313,2.0063072011666,2.82930472801794,2.25728046800709,2.29631851982219,2.29529932709272,1.68990601925926,1.92558385152151,4.06446880702005,2.17017483235298,1.9691376064987,1.94625161486429,1.89631916980092,2.48831733663606,2.14818141652205,0,2.50282669952281,2.84373815341385,2.55664124934796,2.67059485093185,2.27344016670595,2.75687842281651,2.24145834690554,2.09311784991257,2.14134066935795,2.14542410695076,2.90091694657677,3.67919738618206,1.38928147562652,1.14490273278451,3.54133768297912,2.60858615781777,2.07603454232502,1.8754080468914,1.49028433399356,3.17043234528729,2.73169283190848,3.27397691071153,2.79230473300307,2.3237684121601,3.6982745415956,1.77376610225526,2.28208439148987,1.91695739317029,1.99959246790746,1.81843860551092,2.5319669891376,3.84615339900672,2.34249669179602,1.53729500349882,2.7621524765379,1.15761695947759,2.45353379142048,2.3470900282095,1.74558219876287,4.30493160054514,3.01188584251117,2.38720763223896,2.29357702510946,3.13591184857845,2.10609924577096,3.00589859560937
1.9412998805404,2.52361944161275,2.87924266642129,1.78998735971798,1.65482508854827,2.5927778521076,2.29376026377762,2.08296467804245,2.1481821912778,1.86064201720446,2.26532740736358,1.36096420228167,2.01257526054077,2.00206717310805,1.8154930720173,1.92995621076081,4.20380479113502,2.34275862442411,1.68748508743013,1.49865118673582,1.43983851385056,1.54320179211121,1.02136757514122,2.50282669952281,0,2.25927797505425,2.5689707702126,2.72398327919606,1.72775719334084,1.81594711134814,1.70174453740353,1.83024985075341,1.77166401597633,2.14236355750718,2.37626704659063,4.5074255192964,1.70854224710992,1.78523073048406,3.25186853591415,2.73938556942937,1.78225967543541,1.69285814347621,1.998511737037,2.24481978817143,2.60831545597504,2.63075635323898,2.93658933408107,1.4145416816789,2.08094094925889,2.26371747314998,1.67526103661152,1.57855687144235,1.80460511211708,2.69688230180215,0.838438842343091,2.46263645052935,2.02964699406771,2.24561438286447,1.62412310841245,2.04819628005916,2.19239379887683,2.15075437896497,1.65827442386424,3.46485003012544,2.16243990566607,2.47711632528552,1.87033517683247,2.95916183206693,1.82116030934598,2.38684986263435
1.60690393384652,2.21370172326781,3.25508209283975,1.89805091346925,1.69488934136005,2.91285113964916,1.96502995039275,1.30384681904805,2.88553330052723,2.72617336272828,3.02674647537536,2.27539294047444,3.10460321028919,2.98965516940871,2.67467745777097,1.96247947380695,3.97412417719797,2.75208361783985,2.62619376997159,2.47270963132967,2.39337567591924,2.63839200592944,2.30743506457763,2.84373815341385,2.25927797505425,0,3.09501656078659,3.02474175039931,1.74848627841741,3.15421852556173,2.46114750623178,2.39802135873766,2.8045922804176,2.65057796548598,1.92654000809369,4.88071587311616,2.37995367588012,2.39451942625714,3.57554131065471,3.0927876955258,2.07185032919998,2.55054983130334,2.86703640943967,2.36247680924917,1.62151624184912,2.126346297302,3.53875751083874,2.27112679325594,2.49233703406973,3.12021391343733,2.59611889861263,2.55797301929587,2.77099282809713,2.77443551824763,2.45033268561892,2.38886241560963,1.54073767563273,2.7701932666301,2.26902737305659,2.5972347674919,1.07467635671932,2.41250803042262,2.1814522530776,3.72937505783074,1.62501476257597,2.2117175642636,1.80781704181875,2.38042470385569,1.24493846047312,2.34646769777305
2.0135680010992,2.53093070205531,3.61174322111622,2.94290800131188,2.26627955457423,2.88332519677363,2.88888963369315,3.04189556896242,1.48912823289874,2.1735010611675,1.8369432675544,2.58221044196913,2.44271354283668,3.09515262894111,1.93023731756845,2.65909387785707,4.5395263013869,1.41065196647693,1.51112704888886,1.63168368595372,2.01572447589393,2.57539972561156,2.47712948268853,2.55664124934796,2.5689707702126,3.09501656078659,0,1.59604840219877,2.37142738907005,2.52024344052326,1.72008842637303,1.95463920395889,2.24516105314747,2.21005504042274,2.37639139345766,3.01286063687723,1.95411286593584,2.13912942737359,4.04498209383175,1.02621950598982,2.79477550323934,1.68831177037381,2.5738032245461,2.20778458182389,2.22887038423603,2.56865113744321,1.64290821411083,2.51812462919734,3.34648034799274,1.92155293115037,2.05571252994737,2.37296449715886,1.84203824363489,2.11122382228933,2.86623074489612,3.45213666648011,3.20533715665829,2.91453438057512,3.08245315508992,2.72852750436751,2.95548245098765,2.45410453359292,1.80174254500565,4.88444714535481,2.52943215824987,3.2500824683315,2.01321858312736,2.14022311160956,2.72201652404607,1.88681982510604
2.20749279610616,2.73103294872917,3.70760383439449,2.82364577685159,2.15131869404662,2.94267515705712,2.43366035527159,3.14965219065746,2.2844711569134,2.9118710237537,1.82696950069782,2.50439653463701,2.97592551334652,3.02415382464574,2.32505646714998,2.66920849403066,4.64489099754729,1.90697483012851,1.60383442565596,2.1944375224827,2.0328541327696,2.76115641847085,2.64985282000491,2.67059485093185,2.72398327919606,3.02474175039931,1.59604840219877,0,2.69750567954945,2.97544079185168,1.80256885765582,2.34079742582125,2.54422775348132,2.49522609000751,2.82843460347617,3.117470710017,1.94062558228638,2.34126960627955,3.76796842121114,2.19855692753011,3.10104189044427,1.82215574855612,2.35403395379267,3.03713102572771,2.16281125636627,3.04158332100044,1.28757579652772,2.62740217554947,3.41189739184517,2.27911716768479,2.06084177875345,2.39921661805736,2.25179310268709,2.31449147285405,2.91045584417067,3.86868818346416,3.10126977282557,2.68875820665065,2.88744385932275,2.80444823690865,3.11544162251462,2.8455706273916,2.18675603917027,4.77974895881399,2.64757732558116,3.26499274010153,2.17236621617425,1.82102712597949,2.86896452960868,2.6550998590268
1.44898014383151,1.67772531441768,2.67981689967658,1.74946245262342,1.66558924605879,2.56329797293629,1.78899423483709,1.62209342197299,1.66956681671123,1.55856582397996,2.31067967348364,1.91266628784756,1.82974135391142,2.31687677251898,1.4675085234457,1.37429765395941,3.75626774966161,1.72603904031699,1.63021153665261,1.3091179433307,1.42306915321693,1.84124148069343,1.60436365064217,2.27344016670595,1.72775719334084,1.74848627841741,2.37142738907005,2.69750567954945,0,2.4101268006035,1.61714643997357,1.26174374878952,1.58061419220427,1.75878340124002,1.50780286107714,4.41693515535015,1.90741882242745,1.66762778631518,2.89401981316821,2.16910396363655,1.31170098974674,1.71223549680284,2.34545801391515,2.1453173642616,1.98466206289768,1.79068117811041,2.83961409019704,1.83119538551783,2.72286175181403,1.96602941529052,1.93518753464615,1.56287569920234,1.57152967020497,2.14755493170663,1.77693612818122,2.63622796039369,1.90918269222545,2.31409741853532,1.72832893616871,1.94178901132314,1.69880610338582,1.86889295270707,1.26620956507666,3.53001093070719,1.88303458059038,1.91986915057073,1.10176330325011,2.64992022381913,1.23187866307046,2.05666648078805
2.43985833715354,2.90456574725806,2.96772348368647,2.97013964414755,2.5876644331265,2.5527622240939,3.08775548937322,3.03272381425583,1.97409325643098,2.0647837456368,2.90850324808756,1.61847083597072,1.5711495795727,2.3149847245276,2.15010045709376,2.60421988600994,3.90117830289263,2.25173931811965,1.82950677660298,2.10109588666225,2.18033654316939,2.76550960681105,1.84969974449131,2.75687842281651,1.81594711134814,3.15421852556173,2.52024344052326,2.97544079185168,2.4101268006035,0,2.4638652969908,2.15919449766977,1.96210562604867,2.13730139859585,3.07610287365002,3.95520001120943,2.16313289209884,2.10760216663037,3.73097284478793,2.45161635691694,2.22924473368898,2.1469822427092,2.52549083074887,2.15845159358581,3.26048344490512,2.99035040255344,3.2603996367251,2.75070090960099,2.44409651463842,2.62811318681234,2.04360928666222,2.06333973130444,2.08029535159493,2.65472624781812,2.13829759672569,2.9398961492195,2.74410633131777,2.85442695409492,2.74717164890655,2.42586970842236,2.78672226368455,2.34097553068266,1.9470419340835,4.33477682274578,2.86924830777722,2.56482465938172,2.4559762359635,3.33442596195352,2.45712698551665,2.39822921515626
1.76046604690988,2.27471233265914,2.97355063375918,1.85217173410139,1.33595348773783,2.63690199154048,1.84211677582293,2.41166097356782,1.70409316771755,1.84558826482498,1.68872267458366,1.86058637822711,2.2421099704214,2.62585384254121,1.36983710031543,1.85154953232633,4.22835278202043,1.82353099700018,1.18736978515904,1.19156957031735,1.07906908755331,1.5155951346602,1.58615888437564,2.24145834690554,1.70174453740353,2.46114750623178,1.72008842637303,1.80256885765582,1.61714643997357,2.4638652969908,0,1.5793351762499,1.78628081910885,1.82732073377686,1.95552655549314,3.82471916966423,1.67780773576726,1.62178219139709,3.1831155337505,2.05765349586208,2.18563332434957,0.950984174306369,1.93755876658071,2.54557827127321,1.99356999940404,2.38918252076337,1.93184206346348,1.67103572220739,2.84287465021688,1.63821047210511,1.37831271210338,1.49034023945883,1.29940238717535,2.20151009198597,1.95240154048162,3.17684565969378,2.53415245963959,2.23010950870651,1.86953367430765,2.07362642971363,2.51760675588015,2.25472711031862,1.25441545354615,4.04154056675313,2.0334126252743,2.64482249908383,1.4171001490611,2.31217804676728,2.07809998854101,2.27083398222947
1.55382736383316,2.03225036416215,2.71113078634591,2.01148843069842,1.86444806635124,2.50663228513895,2.12467233193448,2.11063132326126,1.44558843115147,1.70650270406997,1.82153534975727,1.86811737959056,1.57527765345796,2.03121426929431,1.56144260189112,1.67613582254639,3.7222146860008,1.23758752940922,1.34238563328396,1.02732632281936,1.32802793209343,1.86305728630922,1.57001914703309,2.09311784991257,1.83024985075341,2.39802135873766,1.95463920395889,2.34079742582125,1.26174374878952,2.15919449766977,1.5793351762499,0,1.43120428231518,1.69471997982278,1.97859300777962,3.831736427987,1.66800114136884,1.60214124799056,3.17425704634106,1.77532383699477,1.6357829277969,1.65250610868681,2.1401769829017,2.25542033012015,2.25086423115581,2.31871717184128,2.37286161989812,1.84797412242962,2.72854546833858,1.83085544788943,1.64024661574736,1.63457247312726,1.60382926090544,2.29267738814783,1.73186059526467,2.83923545862943,2.30921789197486,2.25965891538331,1.90044217549859,1.97377395986723,2.15725067179432,1.58408459100859,1.36392946991479,3.78468055729939,2.13777090828047,2.20706727833064,1.55638680837057,2.54018427547238,1.79700210382762,2.18446575737152
1.95260883923049,2.34036666221946,2.26191621800693,1.97342647922755,2.20453023380989,2.14006356218372,2.20321432341035,2.362498568264,1.48985700544622,1.31752503786153,1.96268043299406,1.73509123488011,1.33941969780143,1.85074672564643,1.34659329206795,1.69223084769888,3.79317160546621,1.53831156812426,1.18655014780476,1.21316467879607,1.25753556783048,1.81441205742676,1.67772039517583,2.14134066935795,1.77166401597633,2.8045922804176,2.24516105314747,2.54422775348132,1.58061419220427,1.96210562604867,1.78628081910885,1.43120428231518,0,1.86375852571547,2.43580057502783,4.07570085191642,1.77719334571071,1.57811371829152,2.80538167069863,2.12726388475836,1.53022108144643,1.79958004691769,2.02573628291619,2.6323600703523,2.80122681684136,2.58829715320735,2.49359412563738,1.80178405377014,2.87797914255344,1.44991343856297,1.93276439489387,0.947112018276339,1.38569429076386,2.16141186167052,1.77502518621174,3.21561947190378,2.40071768746989,2.0745220438239,2.0439805992042,1.81210067645925,2.62156301808768,2.24650544068553,1.59830368205108,3.62121628804628,2.48148517231735,2.29333140182134,1.7168787041574,2.9412966994161,2.04732059853165,2.33767204848798
1.8918811253319,1.9079838317465,2.75515983413707,2.28664294761224,2.18153143354814,2.4440407540636,2.25786394406087,2.21596326598441,1.51768676701501,1.90666541578588,2.67248517870703,1.69035070557414,1.84930224881521,2.40877144559377,1.64152795470008,2.00177162517109,3.58733621533901,1.78281544212214,1.68803028734152,1.81305452222334,1.94095482728916,2.37271718211435,1.55405498844779,2.14542410695076,2.14236355750718,2.65057796548598,2.21005504042274,2.49522609000751,1.75878340124002,2.13730139859585,1.82732073377686,1.69471997982278,1.86375852571547,0,2.29540087026237,3.73394855088692,2.00771076646905,1.58807311013538,3.26454841196444,2.10569852221021,2.10113218728841,1.64768119663599,2.2203460666671,2.40520725591137,2.55987476872239,2.12649766436954,2.84837060736221,2.46637408892367,2.81461327062008,2.03731282995737,1.56705055074266,1.85732241371807,1.89188599206456,1.95086683794017,2.29723713255915,3.08487942365179,2.18058841345261,2.28655822710148,2.62466269619706,1.87193361017907,2.22764782612031,2.14513687180212,1.66538155279841,4.04435234417053,2.09449025312832,1.76243691311791,1.71584580559882,2.85748827267883,1.96643509297382,2.11620897396805
1.52322561552796,2.38454985848684,3.01031660928507,1.9888404875823,1.89424327555302,2.81450744953669,2.30181228517269,1.76858386645464,2.3737010725189,2.15980614834942,2.34467585861974,2.59313559145362,2.83318839354015,3.33904579123129,2.31223760404191,1.81157421607924,3.88871273004015,2.08644639704629,2.2726820654075,1.95672963107687,2.23170792389542,2.47090232592065,2.2701644102604,2.90091694657677,2.37626704659063,1.92654000809369,2.37639139345766,2.82843460347617,1.50780286107714,3.07610287365002,1.95552655549314,1.97859300777962,2.43580057502783,2.29540087026237,0,4.52391452528216,2.47301993410031,2.40902459787748,3.4172884845405,2.29385587164614,2.09167124108702,2.25299017100137,3.11503196779201,1.95658937423147,1.86146403323058,1.0967612461854,2.85827825014037,2.2190815951799,2.65231682384285,2.59918545698747,2.47450883358991,2.35343125427705,2.41005838330865,2.82723884384986,2.61763903299995,2.32331158632215,2.52485659118507,3.14677242635978,2.50375132141426,2.74835134323373,2.05760871734866,2.08562328828738,1.98399041290539,3.85642602875321,1.39717423772817,2.49917606428922,1.47246648368831,2.25998889628485,1.77932380336655,1.73283710296772
3.99446743026187,3.87309899615896,4.90199580520129,4.78709036211075,4.20312809270035,4.28296048959267,4.68568248128127,4.83862511025596,3.29760383954259,4.07608534531115,4.1551749392502,4.10284517133249,3.91319391673773,4.25437240898353,3.79659995298602,4.43522545780299,5.64768754045004,3.29977960572554,3.54277427808553,3.88134805191881,3.98675386802203,4.70095455319252,4.15532112044592,3.67919738618206,4.5074255192964,4.88071587311616,3.01286063687723,3.117470710017,4.41693515535015,3.95520001120943,3.82471916966423,3.831736427987,4.07570085191642,3.73394855088692,4.52391452528216,0,3.34705746870415,3.52367137151805,5.16091814748069,3.20896958280534,4.46375134443778,3.51851906122223,3.73550254150247,4.11853197845969,4.11837474729808,4.66758219058741,3.60478109071724,4.55782425562383,5.10630099514582,3.84215974049533,3.50522695445511,4.08126669810874,3.85421688287411,3.34198382157649,4.64100635893989,5.25171234961625,4.65423738991565,4.16624996708713,4.99876127537649,4.0969363553833,4.54200213738982,4.05584494581813,3.69296107187825,6.12929244593905,4.52514432901957,4.6529529906596,4.15296833336348,4.05746160492506,4.53579257483863,4.04325827159185
1.77453736638832,1.73714771126122,2.81421057980853,2.02749510728925,1.77993920681418,2.35343024752156,2.22596239965394,2.2464036987512,1.67016222220965,1.87472812743119,2.11197476539692,1.70497554620132,2.02893920361347,1.82647437188336,1.51076624537367,1.6779134432849,4.13723870061198,1.66161373033631,1.33759367290388,1.37155196432901,1.30035607504155,2.00587445754832,1.59293837109324,1.38928147562652,1.70854224710992,2.37995367588012,1.95411286593584,1.94062558228638,1.90741882242745,2.16313289209884,1.67780773576726,1.66800114136884,1.77719334571071,2.00771076646905,2.47301993410031,3.34705746870415,0,1.04661484761676,3.21728530450609,2.22137836983787,1.89249397552876,1.41588151866971,1.21087416555242,2.45473256576344,2.18335175272298,2.87421018698519,2.21853467862491,1.68186638189309,2.94458276680185,1.69951833075534,1.61363953104111,1.49520512601005,1.67430180962611,1.84993562743423,1.80736516576499,3.16650033244342,2.01167653956784,1.62406828074847,2.21961466511447,1.52108641011137,2.10973991423396,1.85090901178177,1.29256662451423,3.80742275619005,2.50673039423372,2.39127498377237,1.83491655614089,2.50628393324855,1.85575051962157,2.45280845498476
1.85811340001259,1.4673004710322,2.5177523411472,1.90307358285863,1.78712026238254,2.10987663539879,2.01330320506249,2.13413343167694,1.3754803593121,1.53152734705961,2.49911074081241,1.50360350815362,1.76076155259298,1.78647397408898,1.11130204336905,1.57641947995973,3.8581171835498,1.7393088443323,1.37686797993973,1.41747359380351,1.31711345524786,1.93874626193298,1.42245567676302,1.14490273278451,1.78523073048406,2.39451942625714,2.13912942737359,2.34126960627955,1.66762778631518,2.10760216663037,1.62178219139709,1.60214124799056,1.57811371829152,1.58807311013538,2.40902459787748,3.52367137151805,1.04661484761676,0,3.08089618089005,2.20377522675766,1.59625562718387,1.12164124429384,1.15475957931445,2.53629933253725,2.41061644665281,2.71916856173489,2.65039327235451,1.85874148146229,3.07988046677691,1.56144720063068,1.42785645522604,1.34855422096917,1.32472428301355,1.56532235575893,1.8545556797844,3.2962692760997,1.83696821843212,1.35454811495828,2.19752228800575,1.0759827009778,1.97647796213814,1.94872273427304,1.0626025854164,3.9654926852512,2.39716112054323,2.01052994266154,1.65709778704765,2.85550754476781,1.72349071802878,2.43984725239106
3.44512334526994,3.42380371787217,2.89956491676197,2.74348928592313,3.18619356554143,3.90544065511023,2.98521765929531,3.16192953217687,3.4898529234605,3.241368520812,3.47931618025114,3.20080126141758,3.27739503222011,3.08953094453807,3.07358668006722,2.46476079846763,4.63646507493012,3.29983599972008,3.14134191019216,3.15531557468416,2.78552510767183,3.24187245174651,2.90136890724498,3.54133768297912,3.25186853591415,3.57554131065471,4.04498209383175,3.76796842121114,2.89401981316821,3.73097284478793,3.1831155337505,3.17425704634106,2.80538167069863,3.26454841196444,3.4172884845405,5.16091814748069,3.21728530450609,3.08089618089005,0,4.05765721234759,2.70074397306455,3.30018100302561,3.28361608352956,4.15382663204391,3.80107930532019,3.6501126514475,3.8271962334656,3.13913637970617,3.85838642083776,3.16191746996443,3.11417612267142,2.44876672789355,3.24376552551537,3.80778886173934,3.11820218681815,4.26027829604411,3.03248928109955,3.2148887803811,2.69524354884555,3.18528003389619,3.48648582817232,3.38772586527659,3.29152197743007,2.76574788038601,3.5471486165495,2.80444842737725,3.03915666602881,4.24414364373346,3.23299594897048,4.00170751796619
1.9155890518477,2.44970578719984,3.47394093306659,3.07376554219178,2.57378863262896,2.82128391145025,3.00390945213492,3.01832417602745,1.23697928874911,2.02338146712009,2.18180404952256,2.67767571654865,2.11086487019883,3.02234074880944,1.97206025340455,2.68291944750043,4.24219201682458,1.11637931626359,1.66366909656515,1.67499229820589,2.20045539673337,2.77089785796139,2.64397988973888,2.60858615781777,2.73938556942937,3.0927876955258,1.02621950598982,2.19855692753011,2.16910396363655,2.45161635691694,2.05765349586208,1.77532383699477,2.12726388475836,2.10569852221021,2.29385587164614,3.20896958280534,2.22137836983787,2.20377522675766,4.05765721234759,0,2.59308913372755,1.97727038346028,2.85935681457287,2.04940365746664,2.42915121369171,2.35154928132714,2.23409279581746,2.76894857623027,3.46663254743399,2.12128028887129,2.31465516781235,2.40581291159038,1.94123319140581,2.05893124402603,2.94361477280146,3.39139295027088,3.22245637478065,3.06676016567268,3.17964982446906,2.75060745489319,2.90383612308724,2.40122195896042,1.78928633425446,4.87114712345601,2.56983850036154,3.05121147408788,1.95625134276619,2.37803628241792,2.60183148831291,1.76719668028226
1.87594160884402,1.98705666553667,2.08449004322238,1.72543789582752,1.95893142260886,2.297868020633,2.2631236483789,1.64065006157625,2.03086244335887,1.40167307798937,2.66640108133446,1.81125246007376,1.7262177165458,2.01774455745955,1.83120576241642,1.23684520962062,3.45838300948166,2.02774817074383,1.95619807124506,1.66802892835812,1.68072982599236,2.13189416128938,1.5085466433682,2.07603454232502,1.78225967543541,2.07185032919998,2.79477550323934,3.10104189044427,1.31170098974674,2.22924473368898,2.18563332434957,1.6357829277969,1.53022108144643,2.10113218728841,2.09167124108702,4.46375134443778,1.89249397552876,1.59625562718387,2.70074397306455,2.59308913372755,0,2.11396759963767,2.30227175989241,2.32126912896903,2.6117966952061,2.31681868417434,3.23879049286688,1.77809107906658,2.62643183848716,2.22989439076805,2.196000020851,1.53454704304996,1.98156640899971,2.49305514100779,1.79761369368881,2.63127158105793,1.71006841310876,2.23042424431406,1.95847240271854,1.78759728717524,1.73478447295101,1.81662762854499,1.7056734669256,3.39925802957354,2.13452468045894,1.67425158769311,1.71426163792817,3.05106768341989,1.35251958545015,2.3449780787187
1.92106684917632,1.9428839741428,3.04538524970236,2.18022921964903,1.53796364653742,2.45664257378249,2.01304893410847,2.53327473622994,1.33613732729401,1.78706921333341,2.14473735562035,1.66582648905231,1.95786016105347,2.2889115514218,1.12535137117616,1.97461190913686,4.22184923316713,1.70211271713601,1.02706690117546,1.3406885665689,1.16319165921919,1.8733590664067,1.52104387631239,1.8754080468914,1.69285814347621,2.55054983130334,1.68831177037381,1.82215574855612,1.71223549680284,2.1469822427092,0.950984174306369,1.65250610868681,1.79958004691769,1.64768119663599,2.25299017100137,3.51851906122223,1.41588151866971,1.12164124429384,3.30018100302561,1.97727038346028,2.11396759963767,0,1.56408026362434,2.46080778550159,2.27341568339614,2.57121754580052,2.15832025360909,1.96451097361214,3.04477490507029,1.61567349394223,1.14498225941165,1.54835714609205,1.04052088470053,1.76675401030792,1.88936771373514,3.30042770121089,2.43395329329154,1.94377355737326,2.11734800171274,1.76787738131734,2.41188260544816,2.17423704547467,1.01950844576022,4.30925961794108,2.2705879920336,2.51984387336726,1.50520895520653,2.5673300632783,2.08304359719925,2.3283694236698
2.46574727900872,2.11851694183024,2.86703863852209,2.1446319317409,2.06405243558804,2.52209674502285,2.17598694355526,2.67145420792936,2.07688828836057,2.30918693061674,2.6009694957993,1.77766737286654,2.3530689817247,1.7393684609302,1.63711452381708,2.07139375490152,4.24383430168974,2.3383429943129,1.75920111895909,1.85622302564499,1.42667574746046,1.85309193902482,1.82173878465354,1.49028433399356,1.998511737037,2.86703640943967,2.5738032245461,2.35403395379267,2.34545801391515,2.52549083074887,1.93755876658071,2.1401769829017,2.02573628291619,2.2203460666671,3.11503196779201,3.73550254150247,1.21087416555242,1.15475957931445,3.28361608352956,2.85935681457287,2.30227175989241,1.56408026362434,0,3.3179429253869,2.85216328121496,3.48002659567472,2.68521132183055,1.98704526928393,3.40922475735957,1.78653592304047,1.66050922566099,1.68388414837259,1.70639420939262,2.02552223499711,1.95609834378768,3.89592457122109,2.22795293198215,0.861487885358682,2.18224818883161,1.27156810629526,2.58166947101835,2.54444037573602,1.7279079879716,4.02643699837618,3.01145665817063,2.57982271479635,2.28802177250915,3.1957686325044,2.27988197266606,3.23689290028899
1.80086371590238,2.6658931970647,3.49642328414425,2.93594030029843,2.3998651549071,2.8826328355626,3.25849172176114,2.41582072729951,2.2131982764486,2.2545564959751,2.88085839542648,2.42083555208213,2.46718017863223,3.17754646378006,2.64026986940172,2.60448327348934,4.05995388977336,2.16732611042877,2.36773350168197,2.22313636999376,2.68361611916254,3.04916790316873,2.30009435217306,3.17043234528729,2.24481978817143,2.36247680924917,2.20778458182389,3.03713102572771,2.1453173642616,2.15845159358581,2.54557827127321,2.25542033012015,2.6323600703523,2.40520725591137,1.95658937423147,4.11853197845969,2.45473256576344,2.53629933253725,4.15382663204391,2.04940365746664,2.32126912896903,2.46080778550159,3.3179429253869,0,2.40501009233248,1.85192694414773,3.30869704335843,2.69277580173221,2.32718716094474,3.08164824899546,2.52220757426943,2.75403836913139,2.64876814388352,2.87539776550128,2.63569622053305,1.79413676202284,2.67022090552773,3.53261929558465,3.15229093832216,3.086259033557,2.13294338285685,2.0162664408184,2.10953011661989,4.41287485588333,1.95162851819611,2.77428455595533,2.10926375556883,2.54549540416992,2.21291495718151,1.1566447998796
1.34060362439649,2.10077193978299,3.49540891535456,2.27252660286607,1.6404825771185,2.98924593914717,2.07250499710926,2.05441987692415,2.55692451023781,2.6622844237526,2.44259323949256,2.53377426340052,3.18971933120001,3.39396198755276,2.42694948419178,2.16271678428591,4.24134548931089,2.3121665948248,2.2496625554101,2.2126361046496,2.28212657192292,2.68355782536212,2.54621838637725,2.73169283190848,2.60831545597504,1.62151624184912,2.22887038423603,2.16281125636627,1.98466206289768,3.26048344490512,1.99356999940404,2.25086423115581,2.80122681684136,2.55987476872239,1.86146403323058,4.11837474729808,2.18335175272298,2.41061644665281,3.80107930532019,2.42915121369171,2.6117966952061,2.27341568339614,2.85216328121496,2.40501009233248,0,2.21827280889869,2.59799946154264,2.40561243708837,2.96234026679189,2.63888806197105,2.46136170155406,2.59005018262186,2.53197935946385,2.47141072319705,2.92526743707234,3.06454884899904,2.32779099636929,2.90000690248812,2.68230411017124,2.69839166132019,1.9133487398469,2.53038496830153,1.98947101572944,4.30943438506295,1.87005573647112,2.75371575042755,1.65453977857381,1.58503140831619,1.87867962727071,2.06898412011931
1.72059282648986,2.57821487117054,3.22301492490357,2.44813358237823,2.34954704423178,2.90803650794974,2.59488716980989,1.92882713139237,2.46764733563258,2.36832096266735,2.77345131936902,2.66214776923514,2.83395908639444,3.51243536406161,2.58338422466152,2.2561960001639,3.78246974095397,2.21662955583229,2.48124391667691,2.36061321980521,2.63195403444694,2.90003494875847,2.49125377045685,3.27397691071153,2.63075635323898,2.126346297302,2.56865113744321,3.04158332100044,1.79068117811041,2.99035040255344,2.38918252076337,2.31871717184128,2.58829715320735,2.12649766436954,1.0967612461854,4.66758219058741,2.87421018698519,2.71916856173489,3.6501126514475,2.35154928132714,2.31681868417434,2.57121754580052,3.48002659567472,1.85192694414773,2.21827280889869,0,3.25774898110438,2.73600951705984,2.58909629621224,2.96059043708073,2.72494717394042,2.61318793480219,2.6864350525198,2.82356781707559,2.93912903125902,2.2895995883589,2.60786526983286,3.42733991413912,2.96854112477417,3.02247703067578,2.19667789677863,2.4382041380479,2.28834918597319,4.13649540145983,1.35119983360871,2.38213014512195,1.75778772849352,2.40895521897135,1.92374746576557,1.44733937299074
2.55328874196357,3.09957484003218,3.74041301606662,2.959386469658,2.57132177562873,3.2015300639532,2.79510928365922,3.44483703043122,2.43741881296316,2.86696436831156,1.31907374823991,2.98829229240732,3.09122075999246,3.28483690763314,2.40387352690258,2.7077538804739,4.87774429285913,1.94214034010073,1.77399013770449,2.08087573355264,2.12282859131365,2.72511080020899,2.89499164011685,2.79230473300307,2.93658933408107,3.53875751083874,1.64290821411083,1.28757579652772,2.83961409019704,3.2603996367251,1.93184206346348,2.37286161989812,2.49359412563738,2.84837060736221,2.85827825014037,3.60478109071724,2.21853467862491,2.65039327235451,3.8271962334656,2.23409279581746,3.23879049286688,2.15832025360909,2.68521132183055,3.30869704335843,2.59799946154264,3.25774898110438,0,2.57938438007383,3.72574377998175,2.02064543701042,2.48585334698462,2.47123132817502,2.34292978909305,2.83576674670949,3.07083406666887,4.1073706411232,3.59059348891737,3.03573645959374,2.98715192366427,3.0440282303175,3.57592266830371,2.85248112492949,2.45098660243675,4.75541739743084,3.05485256102549,3.6208773250293,2.40197134134497,2.25265587251173,3.23420573693855,2.88611138938125
1.98924870115948,2.47235393620928,2.78876706994676,1.34321844877783,1.67104797008087,2.69966853252945,2.20856302589609,1.88121522767194,2.34632433637753,1.85530538996749,1.83954662887799,2.03082473494472,2.46180397952678,2.16780015665151,1.90312971072335,1.65253608322552,4.28177076660595,2.30579131433289,1.90531541169404,1.36527548842095,1.37117033072096,1.1803567420537,1.53425231588127,2.3237684121601,1.4145416816789,2.27112679325594,2.51812462919734,2.62740217554947,1.83119538551783,2.75070090960099,1.67103572220739,1.84797412242962,1.80178405377014,2.46637408892367,2.2190815951799,4.55782425562383,1.68186638189309,1.85874148146229,3.13913637970617,2.76894857623027,1.77809107906658,1.96451097361214,1.98704526928393,2.69277580173221,2.40561243708837,2.73600951705984,2.57938438007383,0,2.6575604962471,1.96276752500289,2.0641220765748,1.64052800530342,1.97822829425601,2.81772081691766,1.43712509609459,2.83251616386529,2.12121355521267,2.08899005758122,1.67337231629232,2.09459331323344,2.24622533462417,2.14520157181709,1.90771200824791,3.41532616777961,2.16691448116245,2.69106177803961,1.87188786146914,2.7398887540414,1.94480556133394,2.609155422823
2.26223034617113,3.62790662936585,3.11801926844221,2.48076681536517,2.28866245069611,2.9627321501399,3.01748738367778,2.34189441932422,3.3592748783025,3.05986928492276,3.04916739565216,2.01094071474286,3.19461203919997,3.26741229991157,3.30082253508547,2.61359737955206,3.74209668454782,3.14797029866101,2.86035380858267,2.8544903762001,2.84711773466404,2.98624543210611,2.15530852033789,3.6982745415956,2.08094094925889,2.49233703406973,3.34648034799274,3.41189739184517,2.72286175181403,2.44409651463842,2.84287465021688,2.72854546833858,2.87797914255344,2.81461327062008,2.65231682384285,5.10630099514582,2.94458276680185,3.07988046677691,3.85838642083776,3.46663254743399,2.62643183848716,3.04477490507029,3.40922475735957,2.32718716094474,2.96234026679189,2.58909629621224,3.72574377998175,2.6575604962471,0,3.6154564232038,2.56957419404672,2.81531930470899,3.28925722662877,3.84609771587747,2.47034047470624,1.81901377200471,2.4941010592916,3.59779179418961,2.59840782800834,3.29493026205095,2.47967022020695,2.60930734612856,2.92801251286467,3.60114198192515,1.93071118191661,2.58744143648277,2.53812305763822,2.948975698958,2.44855868123303,2.37724913895844
2.30592956044536,2.08562998400734,2.86074231278924,2.23503414362894,2.25176438330466,2.66295580135369,2.23381244103819,2.71088531721003,1.49468170735483,1.51304464297328,1.95221368792628,2.328174163354,2.05338368426938,2.46794834376234,0.926375533425134,1.94333814760618,4.40536448263184,1.79346185013113,1.38147417150945,1.23316699639037,1.36647546561846,1.80835812010245,2.06975265028733,1.77376610225526,2.26371747314998,3.12021391343733,1.92155293115037,2.27911716768479,1.96602941529052,2.62811318681234,1.63821047210511,1.83085544788943,1.44991343856297,2.03731282995737,2.59918545698747,3.84215974049533,1.69951833075534,1.56144720063068,3.16191746996443,2.12128028887129,2.22989439076805,1.61567349394223,1.78653592304047,3.08164824899546,2.63888806197105,2.96059043708073,2.02064543701042,1.96276752500289,3.6154564232038,0,2.07633778114729,1.52914878236951,1.14422089948238,1.86953177204267,2.35642820801528,3.90657175654997,2.76960939465683,1.90115951207263,2.43385201902248,1.63781188767158,2.89334544104018,2.60832989369916,1.64690653789463,4.24223605488243,2.90687877984891,2.81711365595899,1.91993200490437,3.05636094811395,2.39352050009949,2.70150707720669
1.95567153432512,2.3382863011493,2.93832658841256,2.17576780083013,1.4780844313689,2.63678902810479,2.20344809586221,2.44902720857863,1.78570422303554,2.212368738659,2.3580046491191,1.32419221308557,2.15633966438149,2.11290795827399,1.72311748920076,2.0321822379345,4.00796895184626,1.95343385673357,1.48849296110759,1.68236656119033,1.46139877210798,1.97083842837051,1.27720978992979,2.28208439148987,1.67526103661152,2.59611889861263,2.05571252994737,2.06084177875345,1.93518753464615,2.04360928666222,1.37831271210338,1.64024661574736,1.93276439489387,1.56705055074266,2.47450883358991,3.50522695445511,1.61363953104111,1.42785645522604,3.11417612267142,2.31465516781235,2.196000020851,1.14498225941165,1.66050922566099,2.52220757426943,2.46136170155406,2.72494717394042,2.48585334698462,2.0641220765748,2.56957419404672,2.07633778114729,0,1.75683227160101,1.69714899429527,2.33969942895153,1.81121793769112,3.1535944177881,2.2047712898772,2.14727016974226,1.93766535577403,2.05164661691237,2.28731646803626,2.06496004191959,1.61291242163546,3.83567318008054,2.19283153206093,2.29356981888768,1.64141756116941,2.78061734746708,2.23962924724082,2.44367593334049
1.92276515942288,2.20280995390938,2.09697289878141,1.62687316591492,1.91344799220801,2.18948812632414,1.80523312981891,2.25322975396637,1.75495826827803,1.47858222112813,2.00858931227051,1.55693604508509,1.71847309574987,1.90720886626754,1.23190234363725,1.37982937064977,3.81567775674382,1.79169728678498,1.15576764322731,1.31209391107673,0.940163061990164,1.67012196051348,1.47206603432563,1.91695739317029,1.57855687144235,2.55797301929587,2.37296449715886,2.39921661805736,1.56287569920234,2.06333973130444,1.49034023945883,1.63457247312726,0.947112018276339,1.85732241371807,2.35343125427705,4.08126669810874,1.49520512601005,1.34855422096917,2.44876672789355,2.40581291159038,1.53454704304996,1.54835714609205,1.68388414837259,2.75403836913139,2.59005018262186,2.61318793480219,2.47123132817502,1.64052800530342,2.81531930470899,1.52914878236951,1.75683227160101,0,1.40541790182258,2.12730573911738,1.6884617166303,3.25146493199437,2.1609670821994,1.76472824438241,1.7447180673083,1.57373128360282,2.47050651459619,2.17929622460384,1.37078599256856,3.35190712650485,2.41396782792027,2.1122516763916,1.64352967136117,2.82885181275929,1.79822950699944,2.53762759518613
2.11841914297053,2.01021333692891,2.96841971837683,2.25437348955845,1.90215545491602,2.55697341601027,2.08476802760153,2.6454532939233,1.12280089305264,1.38728679562626,2.1201298737229,1.92941080045082,1.60796384670651,2.22528121349338,0.623729276387826,2.00462169605125,4.29319758879039,1.69534228982827,1.05436712559283,1.08048925661468,1.03914938727114,1.6402237173566,1.78186599039846,1.99959246790746,1.80460511211708,2.77099282809713,1.84203824363489,2.25179310268709,1.57152967020497,2.08029535159493,1.29940238717535,1.60382926090544,1.38569429076386,1.89188599206456,2.41005838330865,3.85421688287411,1.67430180962611,1.32472428301355,3.24376552551537,1.94123319140581,1.98156640899971,1.04052088470053,1.70639420939262,2.64876814388352,2.53197935946385,2.6864350525198,2.34292978909305,1.97822829425601,3.28925722662877,1.14422089948238,1.69714899429527,1.40541790182258,0,1.65968884208804,1.93092888905717,3.51211980620862,2.5993760754182,1.89202515441485,2.08339655546055,1.64567126121639,2.62166078502573,2.43517458730065,1.03571759397223,4.36704624203952,2.63508330770117,2.67049272549424,1.67807725563718,2.95472909651904,2.08699625971219,2.47020059702065
2.21382321196603,1.52710855002357,3.37922839427703,2.81737010503387,2.49254276865455,2.6173811772436,2.37158887459034,2.76504266299083,1.4330728946948,2.07155195000944,2.93395345238863,2.37935340215047,2.19313351722904,2.65692151875123,1.50201155469586,2.48250975723298,4.3614797316566,1.90794818193099,1.77071512076817,2.05824129815928,2.05673307492513,2.69522184987775,2.53937091459064,1.81843860551092,2.69688230180215,2.77443551824763,2.11122382228933,2.31449147285405,2.14755493170663,2.65472624781812,2.20151009198597,2.29267738814783,2.16141186167052,1.95086683794017,2.82723884384986,3.34198382157649,1.84993562743423,1.56532235575893,3.80778886173934,2.05893124402603,2.49305514100779,1.76675401030792,2.02552223499711,2.87539776550128,2.47141072319705,2.82356781707559,2.83576674670949,2.81772081691766,3.84609771587747,1.86953177204267,2.33969942895153,2.12730573911738,1.65968884208804,0,2.8578252817581,3.92329170404245,2.58902093902152,1.98433302766679,3.10490975880332,1.77874014817829,2.58890838490578,2.92515414363546,1.578906751326,4.85140676323665,2.88603531401586,2.70140331141141,2.10945888120354,2.89545278461195,2.16327139070828,2.53753628018535
2.22207386681421,2.57629496959579,2.99697653142569,1.90182428944477,1.95224627065212,2.81935639578143,2.39284773456409,2.20172257770163,2.2366443188186,2.08925425665935,2.3681725138799,1.65604733162568,1.93142387109585,1.51768805672669,1.95951785682767,2.0088525825185,4.30517455107342,2.36967865488158,1.86864696020554,1.59353766024748,1.4703137050979,1.55015627487601,1.24538179960901,2.5319669891376,0.838438842343091,2.45033268561892,2.86623074489612,2.91045584417067,1.77693612818122,2.13829759672569,1.95240154048162,1.73186059526467,1.77502518621174,2.29723713255915,2.61763903299995,4.64100635893989,1.80736516576499,1.8545556797844,3.11820218681815,2.94361477280146,1.79761369368881,1.88936771373514,1.95609834378768,2.63569622053305,2.92526743707234,2.93912903125902,3.07083406666887,1.43712509609459,2.47034047470624,2.35642820801528,1.81121793769112,1.6884617166303,1.93092888905717,2.8578252817581,0,2.66589097421485,2.12328669263233,2.14660578186025,1.4473207507967,2.08560389272127,2.3462376029116,2.16832154472743,1.87597086475551,3.34147346441218,2.47590473682822,2.53792303885681,2.08101793752721,3.2505483002046,2.02968127115186,2.82146246789558
2.46488021733458,3.48117742645822,3.75195942982411,2.8975379159809,2.76249036754228,3.4845392429275,3.54965192868995,2.33205553808908,3.32927280024996,3.03373803623076,3.41037986064651,2.87239043198857,3.19790697151432,3.48551144149437,3.49438620783917,2.91807925425819,4.3185461609512,3.16293621607229,3.24552037095972,2.95985464790288,3.20826033265889,3.33738649592381,2.58524313475508,3.84615339900672,2.46263645052935,2.38886241560963,3.45213666648011,3.86868818346416,2.63622796039369,2.9398961492195,3.17684565969378,2.83923545862943,3.21561947190378,3.08487942365179,2.32331158632215,5.25171234961625,3.16650033244342,3.2962692760997,4.26027829604411,3.39139295027088,2.63127158105793,3.30042770121089,3.89592457122109,1.79413676202284,3.06454884899904,2.2895995883589,4.1073706411232,2.83251616386529,1.81901377200471,3.90657175654997,3.1535944177881,3.25146493199437,3.51211980620862,3.92329170404245,2.66589097421485,0,2.81848176900551,4.02432911213088,3.11713654750716,3.63336029641832,2.41198908812087,2.5049073643648,3.03454106058709,3.8936092797997,2.07781638515656,3.02506940986786,2.7740463788212,3.2034230147558,2.48103254830354,2.27737502866786
1.85304748168303,1.92011014562373,2.64510208271694,1.66385409448802,1.88734103958268,2.55489264566391,2.03212046783884,1.19103708327066,2.67720495040057,2.47034947387292,3.14489619514772,1.69724599702464,2.72410461839379,2.23144459671271,2.3923456738503,1.60232020425608,3.63433905015793,2.67276423373923,2.47756723732663,2.37711654159788,2.24403899913726,2.40381562185275,1.78212912719456,2.34249669179602,2.02964699406771,1.54073767563273,3.20533715665829,3.10126977282557,1.90918269222545,2.74410633131777,2.53415245963959,2.30921789197486,2.40071768746989,2.18058841345261,2.52485659118507,4.65423738991565,2.01167653956784,1.83696821843212,3.03248928109955,3.22245637478065,1.71006841310876,2.43395329329154,2.22795293198215,2.67022090552773,2.32779099636929,2.60786526983286,3.59059348891737,2.12121355521267,2.4941010592916,2.76960939465683,2.2047712898772,2.1609670821994,2.5993760754182,2.58902093902152,2.12328669263233,2.81848176900551,0,2.06807121461834,2.21715342083329,1.98151737465365,1.08332296681837,2.29268834357061,2.15933606827341,3.34865528564293,2.05723207931306,1.50197821546242,1.9461132301136,2.99255328567272,1.39733669177175,2.60279100932227
2.50399661479563,1.95823475848765,2.74574873607578,1.99023899149481,2.28984684202494,2.49242271089688,1.98727356792096,2.46296744255133,2.25931054403043,2.34479908336576,2.79267578761732,1.99055554845739,2.4474754085077,1.82702083266888,1.73882306178282,2.03022109107122,4.10858570281949,2.48713845490473,2.02453471055434,2.03771336210529,1.63854150748718,1.9035954820902,2.04572886165927,1.53729500349882,2.24561438286447,2.7701932666301,2.91453438057512,2.68875820665065,2.31409741853532,2.85442695409492,2.23010950870651,2.25965891538331,2.0745220438239,2.28655822710148,3.14677242635978,4.16624996708713,1.62406828074847,1.35454811495828,3.2148887803811,3.06676016567268,2.23042424431406,1.94377355737326,0.861487885358682,3.53261929558465,2.90000690248812,3.42733991413912,3.03573645959374,2.08899005758122,3.59779179418961,1.90115951207263,2.14727016974226,1.76472824438241,1.89202515441485,1.98433302766679,2.14660578186025,4.02432911213088,2.06807121461834,0,2.30780747780729,1.05635021244869,2.52397918809719,2.78523146134046,1.88686145145458,4.02637359798957,3.01906853347075,2.41817074388297,2.39256661824506,3.29874755508017,2.10565194987415,3.35668204299287
2.26720686526328,2.82585281285437,2.82858387043641,1.63902451613313,1.58151129885427,3.04887286148508,1.79272364414716,2.24129335791215,2.6840550404099,2.48318145577655,2.32847901864467,1.94209913295645,2.58884750843027,2.21187541195256,2.16125912197861,1.77799464066452,4.16937037609919,2.6233454049785,2.08505025912893,1.8884264190956,1.38470987687645,1.53438314820096,1.77027600316707,2.7621524765379,1.62412310841245,2.26902737305659,3.08245315508992,2.88744385932275,1.72832893616871,2.74717164890655,1.86953367430765,1.90044217549859,2.0439805992042,2.62466269619706,2.50375132141426,4.99876127537649,2.21961466511447,2.19752228800575,2.69524354884555,3.17964982446906,1.95847240271854,2.11734800171274,2.18224818883161,3.15229093832216,2.68230411017124,2.96854112477417,2.98715192366427,1.67337231629232,2.59840782800834,2.43385201902248,1.93766535577403,1.7447180673083,2.08339655546055,3.10490975880332,1.4473207507967,3.11713654750716,2.21715342083329,2.30780747780729,0,2.30805091473666,2.41214899518261,2.46115380519015,2.11867064412626,3.14960542113232,2.46151695699077,2.46940662978601,1.86102764422951,3.14661534320443,2.02206032375984,3.12213804691699
2.21315477918342,1.6375705369753,2.40734946375586,1.90967256327144,2.1205902472376,2.23844270032746,1.97115753952378,2.21556959355326,1.89475214167354,1.74108098558247,2.80507493634136,1.74828803178254,2.00126651899805,2.02019062313048,1.34376292058701,1.67961626854465,3.79304306630198,2.25309646319151,1.83067839331064,1.76825293161178,1.57264662555279,2.01212412364155,1.72449505653509,1.15761695947759,2.04819628005916,2.5972347674919,2.72852750436751,2.80444823690865,1.94178901132314,2.42586970842236,2.07362642971363,1.97377395986723,1.81210067645925,1.87193361017907,2.74835134323373,4.0969363553833,1.52108641011137,1.0759827009778,3.18528003389619,2.75060745489319,1.78759728717524,1.76787738131734,1.27156810629526,3.086259033557,2.69839166132019,3.02247703067578,3.0440282303175,2.09459331323344,3.29493026205095,1.63781188767158,2.05164661691237,1.57373128360282,1.64567126121639,1.77874014817829,2.08560389272127,3.63336029641832,1.98151737465365,1.05635021244869,2.30805091473666,0,2.22795697767986,2.46313035507615,1.52788300963401,4.00737612164042,2.75161038550984,2.02380368544062,2.07466073418023,3.23225631295055,1.67954378829935,2.90909756043977
1.65750995750296,1.77715069917463,2.97186642759973,1.99237415544947,1.80233358179941,2.72358425272748,2.22743375209103,1.17236904884867,2.56371060747332,2.4174759646266,3.16043285436249,1.99779938913419,2.74595162049875,2.61683976927634,2.43888055083512,1.73046821839426,3.62428994190464,2.53272070315678,2.53729975622356,2.32197901387997,2.35995907583686,2.62633689862656,1.94433250289767,2.45353379142048,2.19239379887683,1.07467635671932,2.95548245098765,3.11544162251462,1.69880610338582,2.78672226368455,2.51760675588015,2.15725067179432,2.62156301808768,2.22764782612031,2.05760871734866,4.54200213738982,2.10973991423396,1.97647796213814,3.48648582817232,2.90383612308724,1.73478447295101,2.41188260544816,2.58166947101835,2.13294338285685,1.9133487398469,2.19667789677863,3.57592266830371,2.24622533462417,2.47967022020695,2.89334544104018,2.28731646803626,2.47050651459619,2.62166078502573,2.58890838490578,2.3462376029116,2.41198908812087,1.08332296681837,2.52397918809719,2.41214899518261,2.22795697767986,0,1.89999487487841,2.00379221626903,3.72623343057461,1.77809315863698,1.72733062170628,1.80666272897912,2.7076245204887,1.17829671190265,2.23853929779453
2.02786798442769,2.28567859252181,2.79620761866204,2.35314844025675,2.27237718431424,2.67848590946188,2.70431702525758,2.24501262636188,2.21850273558894,2.23052514776401,2.50025924830978,2.16508120138684,2.24204427100871,2.36210531585478,2.30327607417181,1.70563961192955,3.56805325057636,1.88855893515304,2.08406578786471,1.88089455042661,2.10403908063587,2.61352776274175,1.80029206879467,2.3470900282095,2.15075437896497,2.41250803042262,2.45410453359292,2.8455706273916,1.86889295270707,2.34097553068266,2.25472711031862,1.58408459100859,2.24650544068553,2.14513687180212,2.08562328828738,4.05584494581813,1.85090901178177,1.94872273427304,3.38772586527659,2.40122195896042,1.81662762854499,2.17423704547467,2.54444037573602,2.0162664408184,2.53038496830153,2.4382041380479,2.85248112492949,2.14520157181709,2.60930734612856,2.60832989369916,2.06496004191959,2.17929622460384,2.43517458730065,2.92515414363546,2.16832154472743,2.5049073643648,2.29268834357061,2.78523146134046,2.46115380519015,2.46313035507615,1.89999487487841,0,1.81870859235585,3.70639756375673,2.28623321535171,2.16241783267882,2.07017290192556,2.69513784656947,2.01689567538766,2.36707368395324
1.56668616598927,1.55279643073235,2.74199501904683,2.02847239941338,1.67360088039018,2.24552261640732,1.90568293220413,2.22815318385483,1.1874581405562,1.43416805934969,2.17693204314934,1.64852645856115,1.64335525116021,2.19891940913362,0.983836451737027,1.63768653681931,3.84902202888617,1.49345028659358,1.06965782447918,1.10277695110227,1.17260339853733,1.85177637700269,1.5733396928317,1.74558219876287,1.65827442386424,2.1814522530776,1.80174254500565,2.18675603917027,1.26620956507666,1.9470419340835,1.25441545354615,1.36392946991479,1.59830368205108,1.66538155279841,1.98399041290539,3.69296107187825,1.29256662451423,1.0626025854164,3.29152197743007,1.78928633425446,1.7056734669256,1.01950844576022,1.7279079879716,2.10953011661989,1.98947101572944,2.28834918597319,2.45098660243675,1.90771200824791,2.92801251286467,1.64690653789463,1.61291242163546,1.37078599256856,1.03571759397223,1.578906751326,1.87597086475551,3.03454106058709,2.15933606827341,1.88686145145458,2.11867064412626,1.52788300963401,2.00379221626903,1.81870859235585,0,4.13965832530262,2.20038682371773,2.23040921087775,1.44943444954102,2.43605646275695,1.50559491400806,2.09084993003721
3.78298412518931,4.29163288421703,3.56089422916738,3.09314938347946,3.83568655080898,4.50101281024554,3.87561750367851,3.25312635701737,4.44673900098537,4.094467189518,4.10241300332984,3.73246961529852,4.15214620106038,3.59642637933439,4.15959758085034,3.23357493593557,5.04416350913846,4.19541848603219,4.13069998058488,3.82424271104453,3.64870956790416,3.66322785843417,3.40288995881152,4.30493160054514,3.46485003012544,3.72937505783074,4.88444714535481,4.77974895881399,3.53001093070719,4.33477682274578,4.04154056675313,3.78468055729939,3.62121628804628,4.04435234417053,3.85642602875321,6.12929244593905,3.80742275619005,3.9654926852512,2.76574788038601,4.87114712345601,3.39925802957354,4.30925961794108,4.02643699837618,4.41287485588333,4.30943438506295,4.13649540145983,4.75541739743084,3.41532616777961,3.60114198192515,4.24223605488243,3.83567318008054,3.35190712650485,4.36704624203952,4.85140676323665,3.34147346441218,3.8936092797997,3.34865528564293,4.02637359798957,3.14960542113232,4.00737612164042,3.72623343057461,3.70639756375673,4.13965832530262,0,3.91725282767216,3.45530914119124,3.77991469581133,4.75203209194233,3.62341359179067,4.43590106994716
1.36072178960403,2.60162493674081,2.96360996646214,1.82741138411935,1.58125685217405,2.54706422976163,2.16055244445426,1.49949873975244,2.58985697765696,2.44113590324809,2.5046836865036,2.03713949834114,2.91191250405617,3.14734017268756,2.57593704489264,1.98338575369695,3.62377059646501,2.33815925966622,2.29582364531808,2.23783816669058,2.32759902603788,2.50525931972562,2.0073368227511,3.01188584251117,2.16243990566607,1.62501476257597,2.52943215824987,2.64757732558116,1.88303458059038,2.86924830777722,2.0334126252743,2.13777090828047,2.48148517231735,2.09449025312832,1.39717423772817,4.52514432901957,2.50673039423372,2.39716112054323,3.5471486165495,2.56983850036154,2.13452468045894,2.2705879920336,3.01145665817063,1.95162851819611,1.87005573647112,1.35119983360871,3.05485256102549,2.16691448116245,1.93071118191661,2.90687877984891,2.19283153206093,2.41396782792027,2.63508330770117,2.88603531401586,2.47590473682822,2.07781638515656,2.05723207931306,3.01906853347075,2.46151695699077,2.75161038550984,1.77809315863698,2.28623321535171,2.20038682371773,3.91725282767216,0,2.20228732812518,1.51868283617781,1.96752653551071,1.73892349504379,1.55676711745276
2.04266303846838,2.16390442380662,2.11067960772936,2.09081738972731,2.31151810514461,2.36337819812485,2.20892708248697,1.76736938667475,2.56583389526538,2.43551977048636,3.27466805736691,1.78299505366229,2.43859744962383,2.48967971838145,2.4450237250375,1.59661032467255,2.82237419579747,2.46563735499586,2.43916711143747,2.49282168584043,2.36495321577758,2.82526218712766,1.91705016448675,2.38720763223896,2.47711632528552,2.2117175642636,3.2500824683315,3.26499274010153,1.91986915057073,2.56482465938172,2.64482249908383,2.20706727833064,2.29333140182134,1.76243691311791,2.49917606428922,4.6529529906596,2.39127498377237,2.01052994266154,2.80444842737725,3.05121147408788,1.67425158769311,2.51984387336726,2.57982271479635,2.77428455595533,2.75371575042755,2.38213014512195,3.6208773250293,2.69106177803961,2.58744143648277,2.81711365595899,2.29356981888768,2.1122516763916,2.67049272549424,2.70140331141141,2.53792303885681,3.02506940986786,1.50197821546242,2.41817074388297,2.46940662978601,2.02380368544062,1.72733062170628,2.16241783267882,2.23040921087775,3.45530914119124,2.20228732812518,0,1.96512324738536,3.10913115160488,1.64336622228728,2.61621182405104
1.05912352334035,1.90561982885414,2.63530767308142,1.76445473189997,1.23475695338264,2.26085395702764,1.68332950320556,1.74031516412283,1.75388332012577,1.78959368714373,2.10562738836859,1.69222912841518,2.26391181589408,2.54742329816801,1.61182983512015,1.45261600429115,3.64003346450537,1.63710994339846,1.4394470409226,1.48698208034891,1.48225631766359,1.99699513760309,1.7427405393213,2.29357702510946,1.87033517683247,1.80781704181875,2.01321858312736,2.17236621617425,1.10176330325011,2.4559762359635,1.4171001490611,1.55638680837057,1.7168787041574,1.71584580559882,1.47246648368831,4.15296833336348,1.83491655614089,1.65709778704765,3.03915666602881,1.95625134276619,1.71426163792817,1.50520895520653,2.28802177250915,2.10926375556883,1.65453977857381,1.75778772849352,2.40197134134497,1.87188786146914,2.53812305763822,1.91993200490437,1.64141756116941,1.64352967136117,1.67807725563718,2.10945888120354,2.08101793752721,2.7740463788212,1.9461132301136,2.39256661824506,1.86102764422951,2.07466073418023,1.80666272897912,2.07017290192556,1.44943444954102,3.77991469581133,1.51868283617781,1.96512324738536,0,2.11142414667313,1.52078850915723,1.72317691626393
1.68687357372437,2.91694074719063,3.55349779797217,2.71892896072389,2.22411252294121,2.68469162914878,2.51814497004417,2.71787022687094,2.85640030324116,3.10912907648923,2.15077529355709,2.71990335665087,3.42978326803391,3.61456104960089,2.96993453415641,2.61039332344675,3.98702163718158,2.25859330245722,2.26943991744934,2.5612264179208,2.61329005111612,3.11239010849456,2.96467683000356,3.13591184857845,2.95916183206693,2.38042470385569,2.14022311160956,1.82102712597949,2.64992022381913,3.33442596195352,2.31217804676728,2.54018427547238,2.9412966994161,2.85748827267883,2.25998889628485,4.05746160492506,2.50628393324855,2.85550754476781,4.24414364373346,2.37803628241792,3.05106768341989,2.5673300632783,3.1957686325044,2.54549540416992,1.58503140831619,2.40895521897135,2.25265587251173,2.7398887540414,2.948975698958,3.05636094811395,2.78061734746708,2.82885181275929,2.95472909651904,2.89545278461195,3.2505483002046,3.2034230147558,2.99255328567272,3.29874755508017,3.14661534320443,3.23225631295055,2.7076245204887,2.69513784656947,2.43605646275695,4.75203209194233,1.96752653551071,3.10913115160488,2.11142414667313,0,2.52754415459898,2.12537264359897
1.38963146293693,1.65786906328447,2.49821805026845,1.564814129458,1.64843399265779,2.31808679224471,1.69653645944126,1.20424086234781,2.18863995004887,1.85937422333752,2.69149040093274,1.75296200256956,2.2757590258044,2.43885753683392,1.88095633624684,1.34700631722189,3.45297227170148,2.17189388876376,2.01501795097775,1.83494261996777,1.77372643440005,2.13010651356806,1.73029020579226,2.10609924577096,1.82116030934598,1.24493846047312,2.72201652404607,2.86896452960868,1.23187866307046,2.45712698551665,2.07809998854101,1.79700210382762,2.04732059853165,1.96643509297382,1.77932380336655,4.53579257483863,1.85575051962157,1.72349071802878,3.23299594897048,2.60183148831291,1.35251958545015,2.08304359719925,2.27988197266606,2.21291495718151,1.87867962727071,1.92374746576557,3.23420573693855,1.94480556133394,2.44855868123303,2.39352050009949,2.23962924724082,1.79822950699944,2.08699625971219,2.16327139070828,2.02968127115186,2.48103254830354,1.39733669177175,2.10565194987415,2.02206032375984,1.67954378829935,1.17829671190265,2.01689567538766,1.50559491400806,3.62341359179067,1.73892349504379,1.64336622228728,1.52078850915723,2.52754415459898,0,2.14460654858769
1.40211726088782,2.57680046672442,3.31558002376378,2.66524176412206,2.21892559644813,2.620344844218,2.8880812300775,2.19799016652958,2.05249090896651,2.0896973726125,2.54451014159725,2.33522396534967,2.53644582246374,3.30385239245239,2.42601266208662,2.42795406909296,3.98704331768841,1.90593500746706,2.11853297693496,2.08793818004719,2.53169964469802,2.89531262443752,2.35090016917508,3.00589859560937,2.38684986263435,2.34646769777305,1.88681982510604,2.6550998590268,2.05666648078805,2.39822921515626,2.27083398222947,2.18446575737152,2.33767204848798,2.11620897396805,1.73283710296772,4.04325827159185,2.45280845498476,2.43984725239106,4.00170751796619,1.76719668028226,2.3449780787187,2.3283694236698,3.23689290028899,1.1566447998796,2.06898412011931,1.44733937299074,2.88611138938125,2.609155422823,2.37724913895844,2.70150707720669,2.44367593334049,2.53762759518613,2.47020059702065,2.53753628018535,2.82146246789558,2.27737502866786,2.60279100932227,3.35668204299287,3.12213804691699,2.90909756043977,2.23853929779453,2.36707368395324,2.09084993003721,4.43590106994716,1.55676711745276,2.61621182405104,1.72317691626393,2.12537264359897,2.14460654858769,0
