obs order,date,trial,trial duration (h),possible donor list,receiver,donor,duration,duration.rate
1,2010.12.06,1,2,1,mya,bella,1662,831
2,2010.12.07,2,2,2,thecount,bella,16,8
3,2010.12.07,2,2,2,thecount,veronica,174,87
4,2010.12.08,3,2,3,tequila,,0,0
5,2010.12.09,4,2,4,cerce,maribelo,24,12
6,2010.12.09,4,2,4,cerce,vampirella,149,74.5
7,2010.12.09,4,2,4,cerce,bella,507,253.5
8,2010.12.09,4,2,4,cerce,countess,532,266
9,2010.12.10,5,2,5,gelfling,,0,0
10,2010.12.11,6,2,6,bella,vampirella,5,2.5
11,2010.12.11,6,2,6,bella,lucy,6,3
12,2010.12.11,6,2,6,bella,fuschia,14,7
13,2010.12.11,6,2,6,bella,helsing,32,16
14,2010.12.11,6,2,6,bella,countess,190,95
15,2010.12.11,6,2,6,bella,maribelo,316,158
16,2010.12.11,6,2,6,bella,cerce,5,2.5
17,2010.12.11,6,2,6,bella,mya,7,3.5
18,2010.12.12,7,2,7,streblick,mya,3315,1657.5
19,2010.12.13,8,2,8,helsing,lucy,5,2.5
20,2010.12.13,8,2,8,helsing,countess,43,21.5
21,2010.12.13,8,2,8,helsing,mya,562,281
22,2010.12.14,9,2,9,fuschia,countess,5,2.5
23,2010.12.14,9,2,9,fuschia,veronica,384,192
24,2010.12.14,9,2,9,fuschia,bella,71,35.5
25,2010.12.15,10,2,10,parmalee,,0,0
26,2010.12.17,11,2,11,vampirella,gelfling,632,316
27,2010.12.17,11,2,11,vampirella,mya,1333,666.5
28,2010.12.18,12,2,12,veronica,countess,232,116
29,2010.12.18,12,2,12,veronica,mya,1356,678
30,2010.12.18,12,2,12,veronica,thecount,637,318.5
31,2010.12.19,13,2,13,maribelo,lucy,1577,788.5
32,2010.12.19,13,2,13,maribelo,bella,37,18.5
33,2010.12.21,14,2,14,lucy,countess,52,26
34,2010.12.21,14,2,14,lucy,maribelo,54,27
35,2010.12.27,15,2,15,veronica,countess,85,42.5
36,2010.12.27,15,2,15,veronica,bella,77,38.5
37,2010.12.27,15,2,15,veronica,mya,1068,534
38,2010.12.27,15,2,15,veronica,thecount,289,144.5
39,2010.12.28,16,2,16,cerce,countess,630,315
40,2010.12.28,16,2,16,cerce,mya,135,67.5
41,2010.12.28,16,2,16,cerce,bella,535,267.5
42,2010.12.29,17,2,17,mya,countess,43,21.5
43,2010.12.29,17,2,17,mya,bella,1481,740.5
44,2010.12.29,17,2,17,mya,streblick,1465,732.5
45,2010.12.30,18,2,18,thecount,countess,515,257.5
46,2010.12.30,18,2,18,thecount,veronica,149,74.5
47,2010.12.31,19,2,19,bella,mya,670,335
48,2011.01.01,20,2,20,vampirella,countess,271,135.5
49,2011.01.01,20,2,20,vampirella,gelfling,335,167.5
50,2011.01.01,20,2,20,vampirella,mya,619,309.5
51,2011.01.01,20,2,20,vampirella,bella,428,214
52,2011.08.07,21,2,21,vampirella,maribelo,22,11
53,2011.08.07,21,2,21,vampirella,mya,279,139.5
54,2011.08.07,21,2,21,vampirella,bella,528,264
55,2011.08.08,22,2,22,bella,gomez,472,236
56,2011.08.08,22,2,22,bella,lucy,21,10.5
57,2011.08.08,22,2,22,bella,helsing,524,262
58,2011.08.08,22,2,22,bella,mya,87,43.5
59,2011.08.09,23,2,23,mya,bella,7,3.5
60,2011.08.09,23,2,23,mya,veronica,604,302
61,2011.08.09,23,2,23,mya,streblick,387,193.5
62,2011.08.10,24,2,24,veronica,lucy,156,78
63,2011.08.10,24,2,24,veronica,bella,244,122
64,2011.08.10,24,2,24,veronica,fuschia,194,97
65,2011.08.10,24,2,24,veronica,mya,820,410
66,2011.08.11,25,2,25,lucy,vlad,197,98.5
67,2011.08.11,25,2,25,lucy,vampirella,491,245.5
68,2011.08.11,25,2,25,lucy,mya,770,385
69,2011.08.11,25,2,25,lucy,bella,23,11.5
70,2011.08.11,25,2,25,lucy,veronica,389,194.5
71,2011.08.11,25,2,25,lucy,maribelo,541,270.5
72,2011.08.15,26,2,26,vampirella,veronica,23,11.5
73,2011.08.15,26,2,26,vampirella,mya,236,118
74,2011.08.15,26,2,26,vampirella,thecount,321,160.5
75,2011.08.15,26,2,26,vampirella,maribelo,566,283
76,2011.08.15,26,2,26,vampirella,bella,59,29.5
77,2011.08.15,26,2,26,vampirella,lucy,5,2.5
78,2011.08.16,27,2,27,mya,mina,38,19
79,2011.08.16,27,2,27,mya,bella,83,41.5
80,2011.08.16,27,2,27,mya,veronica,721,360.5
81,2011.08.17,28,2,28,bella,mina,188,94
82,2011.08.17,28,2,28,bella,helsing,630,315
83,2011.08.17,28,2,28,bella,lucy,206,103
84,2011.08.17,28,2,28,bella,maribelo,17,8.5
85,2011.08.17,28,2,28,bella,veronica,90,45
86,2011.08.17,28,2,28,bella,vampirella,35,17.5
87,2011.08.18,29,2,29,lucy,mya,240,120
88,2011.08.18,29,2,29,lucy,vampirella,782,391
89,2011.08.18,29,2,29,lucy,bella,7,3.5
90,2011.08.18,29,2,29,lucy,veronica,168,84
91,2011.08.18,29,2,29,lucy,maribelo,1170,585
92,2011.08.19,30,2,30,veronica,mina,35,17.5
93,2011.08.19,30,2,30,veronica,vampirella,210,105
94,2011.08.19,30,2,30,veronica,fuschia,150,75
95,2011.08.19,30,2,30,veronica,mya,629,314.5
96,2011.08.23,31,2,31,veronica,mina,68,34
97,2011.08.23,31,2,31,veronica,vampirella,170,85
98,2011.08.23,31,2,31,veronica,bella,23,11.5
99,2011.08.23,31,2,31,veronica,lucy,22,11
100,2011.08.23,31,2,31,veronica,fuschia,77,38.5
101,2011.08.23,31,2,31,veronica,mya,952,476
102,2011.08.24,32,2,32,bella,gomez,72,36
103,2011.08.24,32,2,32,bella,mina,105,52.5
104,2011.08.24,32,2,32,bella,helsing,397,198.5
105,2011.08.24,32,2,32,bella,lucy,176,88
106,2011.08.24,32,2,32,bella,maribelo,104,52
107,2011.08.24,32,2,32,bella,mya,138,69
108,2011.08.25,33,2,33,vampirella,maribelo,87,43.5
109,2011.08.25,33,2,33,vampirella,bella,54,27
110,2011.08.25,33,2,33,vampirella,veronica,127,63.5
111,2011.08.25,33,2,33,vampirella,lucy,209,104.5
112,2011.08.26,34,2,34,lucy,mya,1032,516
113,2011.08.26,34,2,34,lucy,veronica,174,87
114,2011.08.26,34,2,34,lucy,vampirella,92,46
115,2011.08.26,34,2,34,lucy,maribelo,760,380
116,2011.08.27,35,2,35,mya,bella,46,23
117,2011.08.27,35,2,35,mya,helsing,5,2.5
118,2011.08.27,35,2,35,mya,lucy,459,229.5
119,2011.08.27,35,2,35,mya,veronica,805,402.5
120,2012.01.03,36,2,36,mya,mina,191,95.5
121,2012.01.03,36,2,36,mya,cerce,39,19.5
122,2012.01.03,36,2,36,mya,bella,202,101
123,2012.01.03,36,2,36,mya,lucy,154,77
124,2012.01.03,36,2,36,mya,veronica,596,298
125,2012.01.04,37,2,37,cerce,lily,21,10.5
126,2012.01.04,37,2,37,cerce,countess,163,81.5
127,2012.01.04,37,2,37,cerce,lucy,115,57.5
128,2012.01.04,37,2,37,cerce,veronica,258,129
129,2012.01.04,37,2,37,cerce,mina,365,182.5
130,2012.01.04,37,2,37,cerce,bella,123,61.5
131,2012.01.05,38,2,38,countess,flapper,53,26.5
132,2012.01.05,38,2,38,countess,mina,1061,530.5
133,2012.01.05,38,2,38,countess,mya,22,11
134,2012.01.05,38,2,38,countess,lucy,85,42.5
135,2012.01.05,38,2,38,countess,veronica,321,160.5
136,2012.01.05,38,2,38,countess,bella,124,62
137,2012.01.05,38,2,38,countess,cerce,264,132
138,2012.01.06,39,2,39,bella,lily,288,144
139,2012.01.06,39,2,39,bella,mina,1090,545
140,2012.01.06,39,2,39,bella,mya,641,320.5
141,2012.01.07,40,2,40,mina,lily,353,176.5
142,2012.01.07,40,2,40,mina,thecount,33,16.5
143,2012.01.07,40,2,40,mina,lucy,226,113
144,2012.01.07,40,2,40,mina,veronica,256,128
145,2012.01.07,40,2,40,mina,countess,80,40
146,2012.01.07,40,2,40,mina,bella,646,323
147,2012.01.08,41,2,41,veronica,lily,385,192.5
148,2012.01.08,41,2,41,veronica,flapper,565,282.5
149,2012.01.08,41,2,41,veronica,bella,122,61
150,2012.01.08,41,2,41,veronica,lucy,214,107
151,2012.01.08,41,2,41,veronica,mina,1040,520
152,2012.01.08,41,2,41,veronica,countess,120,60
153,2012.01.09,42,2,42,lucy,lily,489,244.5
154,2012.01.09,42,2,42,lucy,countess,47,23.5
155,2012.01.09,42,2,42,lucy,bella,144,72
156,2012.01.09,42,2,42,lucy,veronica,66,33
157,2012.01.09,42,2,42,lucy,mina,1306,653
158,2012.01.09,42,2,42,lucy,mya,1173,586.5
159,2012.01.12,43,2,43,countess,lily,162,81
160,2012.01.12,43,2,43,countess,flapper,203,101.5
161,2012.01.12,43,2,43,countess,lucy,111,55.5
162,2012.01.12,43,2,43,countess,mina,401,200.5
163,2012.01.12,43,2,43,countess,veronica,682,341
164,2012.01.12,43,2,43,countess,thecount,546,273
165,2012.01.13,44,2,44,lily,bella,1108,554
166,2012.01.14,45,2,45,cerce,speedster,463,231.5
167,2012.01.14,45,2,45,cerce,veronica,137,68.5
168,2012.01.14,45,2,45,cerce,thecount,574,287
169,2012.01.14,45,2,45,cerce,mina,814,407
170,2012.01.14,45,2,45,cerce,bella,292,146
171,2012.01.15,46,2,46,mina,speedster,57,28.5
172,2012.01.15,46,2,46,mina,thecount,179,89.5
173,2012.01.15,46,2,46,mina,lily,211,105.5
174,2012.01.15,46,2,46,mina,veronica,256,128
175,2012.01.15,46,2,46,mina,lucy,145,72.5
176,2012.01.16,47,2,47,speedster,veronica,14,7
177,2012.01.16,47,2,47,speedster,countess,22,11
178,2012.01.16,47,2,47,speedster,lucy,94,47
179,2012.01.16,47,2,47,speedster,flapper,131,65.5
180,2012.01.16,47,2,47,speedster,mya,191,95.5
181,2012.01.16,47,2,47,speedster,lily,425,212.5
182,2012.01.16,47,2,47,speedster,mina,39,19.5
183,2012.01.16,47,2,47,speedster,cerce,518,259
184,2012.01.17,48,2,48,flapper,gelfling,179,89.5
185,2012.01.17,48,2,48,flapper,thecount,356,178
186,2012.01.17,48,2,48,flapper,bella,5,2.5
187,2012.01.17,48,2,48,flapper,lucy,12,6
188,2012.01.17,48,2,48,flapper,lily,12,6
189,2012.01.17,48,2,48,flapper,cerce,140,70
190,2012.01.17,48,2,48,flapper,mina,352,176
191,2012.01.17,48,2,48,flapper,countess,513,256.5
192,2012.01.20,49,2,49,countess,mina,250,125
193,2012.01.20,49,2,49,countess,veronica,537,268.5
194,2012.01.20,49,2,49,countess,bella,7,3.5
195,2012.01.20,49,2,49,countess,cerce,24,12
196,2012.01.20,49,2,49,countess,flapper,469,234.5
197,2012.01.21,50,2,50,cerce,veronica,201,100.5
198,2012.01.21,50,2,50,cerce,mina,374,187
199,2012.01.21,50,2,50,cerce,bella,75,37.5
200,2012.01.21,50,2,50,cerce,mya,1013,506.5
201,2012.01.21,50,2,50,cerce,speedster,169,84.5
202,2012.01.22,51,2,51,mina,lily,108,54
203,2012.01.22,51,2,51,mina,speedster,55,27.5
204,2012.01.22,51,2,51,mina,mya,549,274.5
205,2012.01.22,51,2,51,mina,veronica,164,82
206,2012.01.22,51,2,51,mina,countess,101,50.5
207,2012.01.22,51,2,51,mina,lucy,97,48.5
208,2013.02.05,52,2,52,cerce,cerceson,539,269.5
209,2013.02.05,52,2,52,cerce,lily,54,27
210,2013.02.05,52,2,52,cerce,veronica,153,76.5
211,2013.02.06,53,2,53,mya,bella,240,120
212,2013.02.06,53,2,53,mya,lily,435,217.5
213,2013.02.06,53,2,53,mya,lucy,9,4.5
214,2013.02.06,53,2,53,mya,veronica,426,213
215,2013.02.06,53,2,53,mya,pixus,114,57
216,2013.02.06,53,2,53,mya,thecount,380,190
217,2013.02.06,53,2,53,mya,streblick,192,96
218,2013.02.07,54,2,54,countess,veronica,247,123.5
219,2013.02.07,54,2,54,countess,thecount,229,114.5
220,2013.02.07,54,2,54,countess,mya,147,73.5
221,2013.02.07,54,2,54,countess,flapper,72,36
222,2013.02.07,54,2,54,countess,pixus,165,82.5
223,2013.02.07,54,2,54,countess,mina,27,13.5
224,2013.02.07,54,2,54,countess,zaria,37,18.5
225,2013.02.08,55,2,55,vampirella,cerce,10,5
226,2013.02.08,55,2,55,vampirella,countess,128,64
227,2013.02.08,55,2,55,vampirella,whimsey,206,103
228,2013.02.08,55,2,55,vampirella,veronica,10,5
229,2013.02.08,55,2,55,vampirella,thecount,176,88
230,2013.02.09,56,2,56,bella,lily,996,498
231,2013.02.09,56,2,56,bella,gelfling,75,37.5
232,2013.02.09,56,2,56,bella,pixus,42,21
233,2013.02.11,57,2,57,lucy,zaria,1061,530.5
234,2013.02.11,57,2,57,lucy,bella,12,6
235,2013.02.11,57,2,57,lucy,pixus,214,107
236,2013.02.11,57,2,57,lucy,mya,742,371
237,2013.02.11,57,2,57,lucy,veronica,103,51.5
238,2013.02.11,57,2,57,lucy,mina,39,19.5
239,2013.02.12,58,2,58,zaria,lucy,720,360
240,2013.02.13,59,2,59,lily,bella,1200,600
241,2013.02.13,59,2,59,lily,pixus,198,99
242,2013.02.13,59,2,59,lily,gelfling,192,96
243,2013.02.14,60,2,60,flapper,gomez,1068,534
244,2013.02.15,61,2,61,veronica,pixus,77,38.5
245,2013.02.15,61,2,61,veronica,bella,185,92.5
246,2013.02.15,61,2,61,veronica,mya,389,194.5
247,2013.02.15,61,2,61,veronica,countess,186,93
248,2013.02.16,62,2,62,pixus,lucy,171,85.5
249,2013.02.16,62,2,62,pixus,bella,1388,694
250,2013.02.17,63,2,63,mya,bella,271,135.5
251,2013.02.17,63,2,63,mya,veronica,15,7.5
252,2013.02.17,63,2,63,mya,lily,808,404
253,2013.02.17,63,2,63,mya,mina,51,25.5
254,2013.02.18,64,2,64,cerceson,gomez,55,27.5
255,2013.02.18,64,2,64,cerceson,cerce,648,324
256,2013.02.19,65,2,65,countess,veronica,169,84.5
257,2013.02.19,65,2,65,countess,lily,158,79
258,2013.02.19,65,2,65,countess,lucy,109,54.5
259,2013.02.19,65,2,65,countess,mya,352,176
260,2013.02.19,65,2,65,countess,flapper,205,102.5
261,2013.02.20,66,2,66,zaria,lucy,1615,807.5
262,2013.02.22,67,2,67,whimsey,vampirella,46,23
263,2013.02.22,67,2,67,whimsey,gomez,83,41.5
264,2013.02.23,68,2,68,bella,lily,1286,643
265,2013.02.23,68,2,68,bella,countess,11,5.5
266,2013.02.23,68,2,68,bella,veronica,36,18
267,2013.02.23,68,2,68,bella,mya,61,30.5
268,2013.02.24,69,2,69,vampirella,bella,219,109.5
269,2013.02.24,69,2,69,vampirella,veronica,48,24
270,2013.02.24,69,2,69,vampirella,mya,209,104.5
271,2013.02.24,69,2,69,vampirella,whimsey,171,85.5
272,2013.02.26,70,2,70,lily,bella,784,392
273,2013.02.27,71,2,71,lucy,zaria,1604,802
274,2013.02.27,71,2,71,lucy,bella,47,23.5
275,2013.02.27,71,2,71,lucy,mya,473,236.5
276,2014.03.12,72,1,72,mya,veronica,120,120
277,2014.03.12,72,1,72,mya,mina,300,300
278,2014.03.12,72,1,72,mya,lucy,300,300
279,2014.03.12,72,1,72,mya,streblick,720,720
280,2014.03.13,73,1,73,marce,fuschia,240,240
281,2014.03.14,74,1,74,gremlin,bella,1680,1680
282,2014.03.15,75,1,75,mina,bella,120,120
283,2014.03.15,75,1,75,mina,lucy,60,60
284,2014.03.15,75,1,75,mina,leord,240,240
285,2014.03.16,76,1,76,zaria,lucy,360,360
286,2014.03.16,76,1,76,zaria,mina,420,420
287,2014.03.16,76,1,76,zaria,zarison,780,780
288,2014.03.16,76,1,76,zaria,veronica,180,180
289,2014.03.17,77,1,77,veronica,mina,480,480
290,2014.03.17,77,1,77,veronica,lucy,180,180
291,2014.03.17,77,1,77,veronica,bella,960,960
292,2014.03.17,77,1,77,veronica,countess,420,420
293,2014.03.18,78,1,78,marce,cerce,600,600
294,2014.03.19,79,1,79,vampirella,bella,360,360
295,2014.03.19,79,1,79,vampirella,lucy,60,60
296,2014.03.19,79,1,79,vampirella,lucyson,540,540
297,2014.03.19,79,1,79,vampirella,mya,60,60
298,2014.03.19,79,1,79,vampirella,whimsey,180,180
299,2014.03.20,80,1,80,countess,snow,1080,1080
300,2014.03.20,80,1,80,countess,veronica,660,660
301,2014.03.21,81,1,81,lily,veronica,300,300
302,2014.03.21,81,1,81,lily,bella,1920,1920
303,2014.03.22,82,1,82,snow,veronica,180,180
304,2014.03.22,82,1,82,snow,countess,420,420
305,2014.03.22,82,1,82,snow,tequila,120,120
306,2014.03.22,82,1,82,snow,mina,300,300
307,2014.03.22,82,1,82,snow,thecount,180,180
308,2014.03.23,83,1,83,cerce,marce,360,360
309,2014.03.23,83,1,83,cerce,snow,60,60
310,2014.03.23,83,1,83,cerce,cerceson,180,180
311,2014.03.23,83,1,83,cerce,veronica,60,60
312,2014.03.24,84,1,84,bella,veronica,60,60
313,2014.03.24,84,1,84,bella,mya,60,60
314,2014.03.24,84,1,84,bella,gremlin,300,300
315,2014.03.24,84,1,84,bella,lily,1020,1020
316,2014.04.02,85,1,85,bat4,countess,120,120
317,2014.04.02,85,1,85,bat4,bat3,300,300
318,2014.04.02,85,1,85,bat4,marce,120,120
319,2014.04.02,85,1,85,bat4,cerce,480,480
320,2014.04.02,85,1,85,bat4,veronica,120,120
321,2014.04.03,86,1,86,bat3,cerce,120,120
322,2014.04.03,86,1,86,bat3,bat4,180,180
323,2014.04.03,86,1,86,bat3,countess,60,60
324,2014.04.03,86,1,86,bat3,veronica,240,240
325,2014.04.04,87,1,87,bat2,,0,0
326,2014.04.05,88,1,88,bella,lily,1080,1080
327,2014.04.05,88,1,88,bella,pixus,180,180
328,2014.04.05,88,1,88,bella,veronica,180,180
329,2014.04.06,89,1,89,snow,flapper,840,840
330,2014.04.06,89,1,89,snow,marce,60,60
331,2014.04.06,89,1,89,snow,mya,180,180
332,2014.04.06,89,1,89,snow,veronica,120,120
333,2014.04.07,90,1,90,marce,lily,60,60
334,2014.04.07,90,1,90,marce,countess,120,120
335,2014.04.07,90,1,90,marce,mya,420,420
336,2014.04.07,90,1,90,marce,veronica,180,180
337,2014.04.08,91,1,91,zaria,flapper,120,120
338,2014.04.08,91,1,91,zaria,snow,180,180
339,2014.04.08,91,1,91,zaria,zarison,1020,1020
340,2014.04.08,91,1,91,zaria,veronica,60,60
341,2014.05.09,92,1,92,bat2,cerce,7,7
342,2014.05.09,92,1,92,bat2,bella,129,129
343,2014.05.09,93,1,93,lucy,zaria,570,570
344,2014.05.09,93,1,93,lucy,mina,81,81
345,2014.05.09,93,1,93,lucy,snow,134,134
346,2014.05.09,93,1,93,lucy,mya,102,102
347,2014.05.09,93,1,93,lucy,veronica,240,240
348,2014.05.10,94,1,94,lily,bella,303,303
349,2014.05.10,94,1,94,lily,thecount,358,358
350,2014.05.10,94,1,94,lily,lilyson,132,132
351,2014.05.10,95,1,95,vampirella,veronica,28,28
352,2014.05.10,95,1,95,vampirella,snow,855,855
353,2014.05.10,95,1,95,vampirella,thecount,342,342
354,2014.05.10,95,1,95,vampirella,mina,57,57
355,2014.05.11,96,1,96,zaria,mina,43,43
356,2014.05.11,96,1,96,zaria,zarison,230,230
357,2014.05.11,96,1,96,zaria,fuschia,77,77
358,2014.05.11,96,1,96,zaria,lucy,115,115
359,2014.05.11,96,1,96,zaria,countess,116,116
360,2014.05.11,97,1,97,veronica,countess,149,149
361,2014.05.11,97,1,97,veronica,snow,478,478
362,2014.05.11,97,1,97,veronica,mya,198,198
363,2014.05.11,97,1,97,veronica,mina,316,316
364,2014.05.12,98,1,98,bat4,cerce,135,135
365,2014.05.12,99,1,99,mina,veronica,21,21
366,2014.05.12,99,1,99,mina,cerce,90,90
367,2014.05.12,100,1,100,snow,veronica,14,14
368,2014.05.12,100,1,100,snow,speedster,38,38
369,2014.05.13,101,1,101,bat3,cerce,322,322
370,2014.05.13,102,1,102,bella,lily,167,167
371,2014.05.13,102,1,102,bella,snow,48,48
372,2014.05.13,102,1,102,bella,thecount,165,165
373,2014.05.14,103,1,103,mya,veronica,115,115
374,2014.05.14,103,1,103,mya,streblick,120,120
375,2014.05.14,103,1,103,mya,mina,48,48
376,2014.05.14,104,1,104,cerce,marce,244,244
377,2014.05.14,104,1,104,cerce,snow,16,16
378,2014.05.15,105,1,105,countess,snow,678,678
379,2014.05.15,105,1,105,countess,veronica,223,223
380,2014.05.15,106,1,106,marce,cerce,274,274
381,2014.05.15,106,1,106,marce,mya,76,76
382,2014.05.15,106,1,106,marce,veronica,47,47
383,2014.05.15,106,1,106,marce,sheldon,48,48
384,2014.05.16,107,1,107,bat2,countess,57,57
385,2014.05.16,108,1,108,lucy,veronica,88,88
386,2014.05.16,108,1,108,lucy,zaria,217,217
387,2014.05.16,108,1,108,lucy,mya,93,93
388,2014.05.25,109,1,109,bat2,,0,0
389,2014.05.25,110,1,110,lucy,houdini,70,70
390,2014.05.25,110,1,110,lucy,bella,5,5
391,2014.05.25,110,1,110,lucy,mya,297,297
392,2014.05.25,110,1,110,lucy,mina,22,22
393,2014.05.25,110,1,110,lucy,thecount,189,189
394,2014.05.25,110,1,110,lucy,zaria,23,23
395,2014.05.27,111,1,111,vampirella,lucy,7,7
396,2014.05.27,111,1,111,vampirella,thecount,519,519
397,2014.05.27,111,1,111,vampirella,mya,24,24
398,2014.05.27,112,1,112,lily,bella,334,334
399,2014.05.27,112,1,112,lily,thecount,41,41
400,2014.05.27,112,1,112,lily,countess,89,89
401,2014.05.28,113,1,113,veronica,thecount,281,281
402,2014.05.28,113,1,113,veronica,mya,364,364
403,2014.05.28,113,1,113,veronica,marce,30,30
404,2014.05.28,114,1,114,zaria,zarison,278,278
405,2014.05.28,114,1,114,zaria,mina,96,96
406,2014.05.28,114,1,114,zaria,lucy,254,254
407,2014.05.29,115,1,115,bat4,countess,12,12
408,2014.05.29,115,1,115,bat4,cerce,157,157
409,2014.05.29,116,1,116,mina,houdini,365,365
410,2014.05.29,116,1,116,mina,lucy,18,18
411,2014.05.29,116,1,116,mina,countess,69,69
412,2014.05.29,116,1,116,mina,mya,309,309
413,2014.05.29,117,1,117,snow,veronica,98,98
414,2014.05.29,117,1,117,snow,countess,112,112
415,2014.05.30,118,1,118,bat3,cerce,225,225
416,2014.05.30,118,1,118,bat3,mina,489,489
417,2014.05.30,119,1,119,bella,lily,344,344
418,2014.05.30,119,1,119,bella,mya,143,143
419,2014.05.31,120,1,120,mya,bella,17,17
420,2014.05.31,120,1,120,mya,mina,265,265
421,2014.05.31,120,1,120,mya,streblick,175,175
422,2014.05.31,121,1,121,cerce,marce,180,180
423,2014.05.31,121,1,121,cerce,thecount,31,31
424,2014.06.01,122,1,122,countess,snow,384,384
425,2014.06.01,122,1,122,countess,veronica,117,117
426,2014.06.01,122,1,122,countess,lucy,7,7
427,2014.06.01,122,1,122,countess,zaria,69,69
428,2014.06.01,123,1,123,marce,snow,15,15
429,2014.06.01,123,1,123,marce,vampirella,24,24
430,2014.06.01,123,1,123,marce,cerce,97,97
431,2014.06.05,124,1,124,lucy,countess,8,8
432,2014.06.05,124,1,124,lucy,marce,23,23
433,2014.06.05,124,1,124,lucy,vampirella,71,71
434,2014.06.05,124,1,124,lucy,mya,115,115
435,2014.06.05,124,1,124,lucy,mina,112,112
436,2014.06.05,125,1,125,zaria,vampirella,552,552
437,2014.06.05,125,1,125,zaria,veronica,13,13
438,2014.06.05,125,1,125,zaria,mya,50,50
439,2014.06.06,126,1,126,vampirella,thecount,629,629
440,2014.06.06,127,1,127,mina,houdini,197,197
441,2014.06.06,127,1,127,mina,mya,264,264
442,2014.06.06,127,1,127,mina,veronica,114,114
443,2014.06.06,127,1,127,mina,snow,140,140
444,2014.06.07,128,1,128,lily,snow,5,5
445,2014.06.07,129,1,129,bella,cerce,22,22
446,2014.06.08,130,1,130,bat3,cerce,239,239
447,2014.06.08,130,1,130,bat3,marce,6,6
448,2014.06.08,131,1,131,bat4,cerce,71,71
449,2014.06.08,131,1,131,bat4,countess,27,27
450,2014.06.08,131,1,131,bat4,mina,101,101
451,2014.06.09,132,1,132,veronica,thecount,213,213
452,2014.06.09,132,1,132,veronica,snow,137,137
453,2014.06.09,133,1,133,mya,lucy,60,60
454,2014.06.09,133,1,133,mya,streblick,112,112
455,2014.06.09,133,1,133,mya,mina,99,99
456,2014.06.10,134,1,134,countess,veronica,189,189
457,2014.06.10,134,1,134,countess,marce,82,82
458,2014.06.10,134,1,134,countess,zaria,25,25
459,2014.06.10,134,1,134,countess,mina,103,103
460,2014.06.10,135,1,135,snow,mina,13,13
461,2014.06.11,136,1,136,cerce,bat3,97,97
462,2014.06.11,136,1,136,cerce,bella,39,39
463,2014.06.11,137,1,137,marce,bella,11,11
464,2014.06.11,137,1,137,marce,houdini,30,30
465,2014.06.11,137,1,137,marce,countess,133,133
466,2014.06.12,138,1,138,zaria,veronica,66,66
467,2014.06.12,139,1,139,lucy,snow,53,53
468,2014.06.12,139,1,139,lucy,mya,135,135
469,2014.06.12,139,1,139,lucy,mina,125,125
470,2014.06.13,140,1,140,mina,mya,647,647
471,2014.06.13,140,1,140,mina,thecount,189,189
472,2014.06.13,140,1,140,mina,veronica,27,27
473,2014.06.13,141,1,141,vampirella,thecount,610,610
474,2014.06.13,141,1,141,vampirella,mya,49,49
475,2014.06.14,142,1,142,lily,houdini,30,30
476,2014.06.14,143,1,143,bella,mya,212,212
477,2014.07.05,144,1,144,lucy,mya,36,36
478,2014.07.05,144,1,144,lucy,bella,191,191
479,2014.07.05,144,1,144,lucy,snow,70,70
480,2014.07.05,144,1,144,lucy,veronica,57,57
481,2014.07.05,145,1,145,zaria,vampirella,161,161
482,2014.07.07,146,1,146,bella,mina,190,190
483,2014.07.07,147,1,147,lily,houdini,121,121
484,2014.07.08,148,1,148,bat3,cerce,42,42
485,2014.07.08,148,1,148,bat3,mina,56,56
486,2014.07.08,149,1,149,bat4,,0,0
487,2014.07.09,150,1,150,mya,mina,167,167
488,2014.07.09,150,1,150,mya,snow,31,31
489,2014.07.09,151,1,151,veronica,snow,658,658
490,2014.07.09,151,1,151,veronica,mina,123,123
491,2014.07.09,151,1,151,veronica,bat3,5,5
492,2014.07.10,152,1,152,countess,marce,5,5
493,2014.07.10,152,1,152,countess,veronica,29,29
494,2014.07.10,153,1,153,snow,cerce,7,7
495,2014.07.10,153,1,153,snow,vampirella,26,26
496,2014.07.11,154,1,154,cerce,bat3,15,15
497,2014.07.11,155,1,155,marce,mina,142,142
498,2014.07.12,156,1,156,lucy,vampirella,52,52
499,2014.07.12,156,1,156,lucy,snow,229,229
500,2014.07.12,156,1,156,lucy,mya,128,128
501,2014.07.12,156,1,156,lucy,countess,9,9
502,2014.07.12,157,1,157,zaria,mina,126,126
503,2014.07.12,157,1,157,zaria,snow,315,315
504,2014.07.12,157,1,157,zaria,zarison,61,61
505,2014.07.14,158,1,158,bella,mya,320,320
506,2014.07.14,158,1,158,bella,thecount,270,270
507,2014.07.14,158,1,158,bella,bat3,64,64
508,2014.07.14,158,1,158,bella,mina,7,7
509,2014.07.14,159,1,159,lily,,0,0
510,2014.07.15,160,1,160,bat3,cerce,199,199
511,2014.07.15,160,1,160,bat3,mina,33,33
512,2014.07.15,161,1,161,bat4,cerce,64,64
513,2014.07.15,161,1,161,bat4,mina,46,46
514,2014.07.16,162,1,162,mya,streblick,30,30
515,2014.07.16,162,1,162,mya,mina,118,118
516,2014.07.16,162,1,162,mya,lucy,12,12
517,2014.07.16,163,1,163,veronica,bella,87,87
518,2014.07.16,163,1,163,veronica,snow,413,413
519,2014.07.16,163,1,163,veronica,mina,38,38
520,2014.07.17,164,1,164,countess,lucy,39,39
521,2014.07.17,164,1,164,countess,marce,16,16
522,2014.07.17,164,1,164,countess,lily,136,136
523,2014.07.17,164,1,164,countess,mya,209,209
524,2014.07.17,165,1,165,snow,cerce,31,31
525,2014.07.17,165,1,165,snow,vampirella,329,329
526,2014.07.18,166,1,166,cerce,bat3,170,170
527,2014.07.18,166,1,166,cerce,mina,73,73
528,2014.07.18,167,1,167,marce,,0,0
529,2014.07.19,168,1,168,mina,veronica,38,38
530,2014.07.19,168,1,168,mina,mya,1069,1069
531,2014.07.19,169,1,169,vampirella,thecount,46,46
532,2014.07.19,169,1,169,vampirella,mya,42,42
533,2014.07.23,170,1,170,bat4,cerce,298,298
534,2014.07.23,170,1,170,bat4,countess,117,117
535,2014.07.23,171,1,171,lily,bella,439,439
536,2014.07.24,172,1,172,veronica,snow,454,454
537,2014.07.24,172,1,172,veronica,bella,10,10
538,2014.07.24,172,1,172,veronica,cerce,128,128
539,2014.07.24,173,1,173,zaria,lucy,535,535
540,2014.07.24,173,1,173,zaria,cerce,5,5
541,2014.07.25,174,1,174,mina,lucy,109,109
542,2014.07.25,174,1,174,mina,mya,174,174
543,2014.07.25,175,1,175,snow,vampirella,99,99
544,2014.07.25,175,1,175,snow,countess,435,435
545,2014.07.25,175,1,175,snow,thecount,656,656
546,2014.07.26,176,1,176,bella,lily,199,199
547,2014.07.26,177,1,177,bat3,,0,0
548,2014.07.27,178,1,178,cerce,vampirella,510,510
549,2014.07.27,178,1,178,cerce,bella,11,11
550,2014.07.27,179,1,179,mya,mina,105,105
551,2014.07.27,179,1,179,mya,streblick,107,107
552,2014.07.27,179,1,179,mya,lucy,20,20
553,2014.07.28,180,1,180,countess,snow,455,455
554,2014.07.28,180,1,180,countess,mina,42,42
555,2014.07.28,181,1,181,marce,,0,0
556,2014.07.29,182,1,182,vampirella,snow,67,67
557,2014.07.29,182,1,182,vampirella,thecount,99,99
558,2014.07.29,182,1,182,vampirella,bella,11,11
559,2014.07.29,182,1,182,vampirella,mina,116,116
560,2014.07.29,182,1,182,vampirella,bat3,93,93
561,2014.07.29,183,1,183,lucy,mina,93,93
562,2014.07.29,183,1,183,lucy,bella,139,139
563,2014.07.29,183,1,183,lucy,thecount,161,161