"","actor","receiver","grooming.sec","observation.hours","observation.seconds","grooming.rate","actor.sex","receiver.sex"
"1","c","cat",115,30,108000,0.00106481481481481,"F","F"
"2","c","cc",0,30,108000,0,"F","F"
"3","c","ccc",437,30,108000,0.0040462962962963,"F","F"
"4","c","ccs",37,30,108000,0.000342592592592593,"F","F"
"5","c","cd",0,10,36000,0,"F","F"
"6","c","cs",19,24,86400,0.000219907407407407,"F","F"
"7","c","d",6,25,90000,6.66666666666667e-05,"F","F"
"8","c","dcd",0,30,108000,0,"F","F"
"9","c","dd",260,30,108000,0.00240740740740741,"F","F"
"10","c","ddd",737,22,79200,0.00930555555555555,"F","M"
"11","c","ddld",0,30,108000,0,"F","F"
"12","c","dld",0,20,72000,0,"F","M"
"13","c","dos",130,31,111600,0.00116487455197133,"F","F"
"14","c","dr",73,20,72000,0.00101388888888889,"F","F"
"15","c","ds",0,30,108000,0,"F","F"
"16","c","eve",853,25,90000,0.00947777777777778,"F","F"
"17","c","ivy",15308,40,144000,0.106305555555556,"F","F"
"18","c","ld",5,20,72000,6.94444444444444e-05,"F","F "
"19","c","ldc",0,25,90000,0,"F","M"
"20","c","ldd",0,30,108000,0,"F","M"
"21","c","lds",517,31,111600,0.0046326164874552,"F","F "
"22","c","lsd",0,7,25200,0,"F","F"
"23","c","no.band",39,26,93600,0.000416666666666667,"F","F"
"24","c","ola",1306,30,108000,0.0120925925925926,"F","F"
"25","c","r",115,20,72000,0.00159722222222222,"F","F"
"26","c","rc",0,30,108000,0,"F","F"
"27","c","s",293,30,108000,0.00271296296296296,"F","F"
"28","c","sc",13,23,82800,0.000157004830917874,"F","F"
"29","c","scs",0,17,61200,0,"F","F"
"30","c","sd",71,29,104400,0.00068007662835249,"F","F"
"31","c","sld",0,20,72000,0,"F","M"
"32","c","son.of.ola",0,30,108000,0,"F","M"
"33","c","ss",0,22,79200,0,"F","F"
"34","c","sss",0,20,72000,0,"F","F"
"35","c","tes",105,30,108000,0.000972222222222222,"F","F"
"36","c","una",229,11,39600,0.00578282828282828,"F","F"
"37","cat","c",52,30,108000,0.000481481481481481,"F","F"
"38","cat","cc",0,20,72000,0,"F","F"
"39","cat","ccc",11,31,111600,9.85663082437276e-05,"F","F"
"40","cat","ccs",20,30,108000,0.000185185185185185,"F","F"
"41","cat","cd",0,30,108000,0,"F","F"
"42","cat","cs",26,25,90000,0.000288888888888889,"F","F"
"43","cat","d",78,30,108000,0.000722222222222222,"F","F"
"44","cat","dcd",0,20,72000,0,"F","F"
"45","cat","dd",96,40,144000,0.000666666666666667,"F","F"
"46","cat","ddd",448,13,46800,0.00957264957264957,"F","M"
"47","cat","ddld",0,30,108000,0,"F","F"
"48","cat","dld",8,30,108000,7.40740740740741e-05,"F","M"
"49","cat","dos",137,30,108000,0.00126851851851852,"F","F"
"50","cat","dr",0,30,108000,0,"F","F"
"51","cat","ds",0,26,93600,0,"F","F"
"52","cat","eve",1029,25,90000,0.0114333333333333,"F","F"
"53","cat","ivy",87,30,108000,0.000805555555555556,"F","F"
"54","cat","ld",22,30,108000,0.000203703703703704,"F","F "
"55","cat","ldc",0,7,25200,0,"F","M"
"56","cat","ldd",0,30,108000,0,"F","M"
"57","cat","lds",0,29,104400,0,"F","F "
"58","cat","lsd",0,7,25200,0,"F","F"
"59","cat","no.band",38,24,86400,0.000439814814814815,"F","F"
"60","cat","ola",910,25,90000,0.0101111111111111,"F","F"
"61","cat","r",41,30,108000,0.00037962962962963,"F","F"
"62","cat","rc",0,20,72000,0,"F","F"
"63","cat","s",6,30,108000,5.55555555555556e-05,"F","F"
"64","cat","sc",43,25,90000,0.000477777777777778,"F","F"
"65","cat","scs",9,29,104400,8.62068965517241e-05,"F","F"
"66","cat","sd",0,29,104400,0,"F","F"
"67","cat","sld",0,25,90000,0,"F","M"
"68","cat","son.of.ola",22,20,72000,0.000305555555555556,"F","M"
"69","cat","ss",0,31,111600,0,"F","F"
"70","cat","sss",34,20,72000,0.000472222222222222,"F","F"
"71","cat","tes",11,26,93600,0.000117521367521368,"F","F"
"72","cat","una",429,29,104400,0.00410919540229885,"F","F"
"73","cc","c",0,30,108000,0,"F","F"
"74","cc","cat",13,20,72000,0.000180555555555556,"F","F"
"75","cc","ccc",9,22,79200,0.000113636363636364,"F","F"
"76","cc","ccs",139,30,108000,0.00128703703703704,"F","F"
"77","cc","cd",189,30,108000,0.00175,"F","F"
"78","cc","cs",98,30,108000,0.000907407407407407,"F","F"
"79","cc","d",157,30,108000,0.0014537037037037,"F","F"
"80","cc","dcd",0,10,36000,0,"F","F"
"81","cc","dd",323,30,108000,0.00299074074074074,"F","F"
"82","cc","ddd",42,18,64800,0.000648148148148148,"F","M"
"83","cc","ddld",0,30,108000,0,"F","F"
"84","cc","dld",5,30,108000,4.62962962962963e-05,"F","M"
"85","cc","dos",6,30,108000,5.55555555555556e-05,"F","F"
"86","cc","dr",0,30,108000,0,"F","F"
"87","cc","ds",519,30,108000,0.00480555555555556,"F","F"
"88","cc","eve",257,30,108000,0.00237962962962963,"F","F"
"89","cc","ivy",56,30,108000,0.000518518518518519,"F","F"
"90","cc","ld",30,22,79200,0.000378787878787879,"F","F "
"91","cc","ldc",13920,25,90000,0.154666666666667,"F","M"
"92","cc","ldd",5,30,108000,4.62962962962963e-05,"F","M"
"93","cc","lds",275,31,111600,0.00246415770609319,"F","F "
"94","cc","lsd",0,7,25200,0,"F","F"
"95","cc","no.band",0,26,93600,0,"F","F"
"96","cc","ola",11,20,72000,0.000152777777777778,"F","F"
"97","cc","r",1317,30,108000,0.0121944444444444,"F","F"
"98","cc","rc",6,10,36000,0.000166666666666667,"F","F"
"99","cc","s",711,25,90000,0.0079,"F","F"
"100","cc","sc",0,20,72000,0,"F","F"
"101","cc","scs",3809,29,104400,0.0364846743295019,"F","F"
"102","cc","sd",18,25,90000,2e-04,"F","F"
"103","cc","sld",0,24,86400,0,"F","M"
"104","cc","son.of.ola",6,18,64800,9.25925925925926e-05,"F","M"
"105","cc","ss",228,31,111600,0.00204301075268817,"F","F"
"106","cc","sss",70,25,90000,0.000777777777777778,"F","F"
"107","cc","tes",26,30,108000,0.000240740740740741,"F","F"
"108","cc","una",18,24,86400,0.000208333333333333,"F","F"
"109","ccc","c",644,30,108000,0.00596296296296296,"F","F"
"110","ccc","cat",63,31,111600,0.000564516129032258,"F","F"
"111","ccc","cc",52,22,79200,0.000656565656565657,"F","F"
"112","ccc","ccs",49,20,72000,0.000680555555555556,"F","F"
"113","ccc","cd",90,30,108000,0.000833333333333333,"F","F"
"114","ccc","cs",27,30,108000,0.00025,"F","F"
"115","ccc","d",1423,25,90000,0.0158111111111111,"F","F"
"116","ccc","dcd",0,22,79200,0,"F","F"
"117","ccc","dd",19,30,108000,0.000175925925925926,"F","F"
"118","ccc","ddd",0,22,79200,0,"F","M"
"119","ccc","ddld",24,30,108000,0.000222222222222222,"F","F"
"120","ccc","dld",243,20,72000,0.003375,"F","M"
"121","ccc","dos",412,25,90000,0.00457777777777778,"F","F"
"122","ccc","dr",0,30,108000,0,"F","F"
"123","ccc","ds",349,25,90000,0.00387777777777778,"F","F"
"124","ccc","eve",267,30,108000,0.00247222222222222,"F","F"
"125","ccc","ivy",913,20,72000,0.0126805555555556,"F","F"
"126","ccc","ld",48,10,36000,0.00133333333333333,"F","F "
"127","ccc","ldc",0,30,108000,0,"F","M"
"128","ccc","ldd",0,25,90000,0,"F","M"
"129","ccc","lds",8,31,111600,7.16845878136201e-05,"F","F "
"130","ccc","lsd",0,7,25200,0,"F","F"
"131","ccc","no.band",1228,26,93600,0.0131196581196581,"F","F"
"132","ccc","ola",219,30,108000,0.00202777777777778,"F","F"
"133","ccc","r",56,30,108000,0.000518518518518519,"F","F"
"134","ccc","rc",195,27,97200,0.00200617283950617,"F","F"
"135","ccc","s",168,35,126000,0.00133333333333333,"F","F"
"136","ccc","sc",12,30,108000,0.000111111111111111,"F","F"
"137","ccc","scs",54,25,90000,6e-04,"F","F"
"138","ccc","sd",104,20,72000,0.00144444444444444,"F","F"
"139","ccc","sld",7127,23,82800,0.0860748792270531,"F","M"
"140","ccc","son.of.ola",42,12,43200,0.000972222222222222,"F","M"
"141","ccc","ss",66,25,90000,0.000733333333333333,"F","F"
"142","ccc","sss",18,30,108000,0.000166666666666667,"F","F"
"143","ccc","tes",462,30,108000,0.00427777777777778,"F","F"
"144","ccc","una",387,29,104400,0.00370689655172414,"F","F"
"145","ccs","c",0,30,108000,0,"F","F"
"146","ccs","cat",40,30,108000,0.00037037037037037,"F","F"
"147","ccs","cc",242,30,108000,0.00224074074074074,"F","F"
"148","ccs","ccc",0,20,72000,0,"F","F"
"149","ccs","cd",622,30,108000,0.00575925925925926,"F","F"
"150","ccs","cs",39,30,108000,0.000361111111111111,"F","F"
"151","ccs","d",77,16,57600,0.00133680555555556,"F","F"
"152","ccs","dcd",0,30,108000,0,"F","F"
"153","ccs","dd",12,10,36000,0.000333333333333333,"F","F"
"154","ccs","ddd",0,22,79200,0,"F","M"
"155","ccs","ddld",0,21,75600,0,"F","F"
"156","ccs","dld",15,20,72000,0.000208333333333333,"F","M"
"157","ccs","dos",0,21,75600,0,"F","F"
"158","ccs","dr",0,30,108000,0,"F","F"
"159","ccs","ds",0,25,90000,0,"F","F"
"160","ccs","eve",14,21,75600,0.000185185185185185,"F","F"
"161","ccs","ivy",494,21,75600,0.00653439153439153,"F","F"
"162","ccs","ld",0,30,108000,0,"F","F "
"163","ccs","ldc",0,30,108000,0,"F","M"
"164","ccs","ldd",3052,25,90000,0.0339111111111111,"F","M"
"165","ccs","lds",6,31,111600,5.37634408602151e-05,"F","F "
"166","ccs","lsd",0,7,25200,0,"F","F"
"167","ccs","no.band",0,26,93600,0,"F","F"
"168","ccs","ola",11,10,36000,0.000305555555555556,"F","F"
"169","ccs","r",144,30,108000,0.00133333333333333,"F","F"
"170","ccs","rc",0,30,108000,0,"F","F"
"171","ccs","s",14,30,108000,0.00012962962962963,"F","F"
"172","ccs","sc",2218,39,140400,0.0157977207977208,"F","F"
"173","ccs","scs",21,25,90000,0.000233333333333333,"F","F"
"174","ccs","sd",47,20,72000,0.000652777777777778,"F","F"
"175","ccs","sld",0,20,72000,0,"F","M"
"176","ccs","son.of.ola",0,30,108000,0,"F","M"
"177","ccs","ss",167,25,90000,0.00185555555555556,"F","F"
"178","ccs","sss",31,38,136800,0.000226608187134503,"F","F"
"179","ccs","tes",598,40,144000,0.00415277777777778,"F","F"
"180","ccs","una",17,30,108000,0.000157407407407407,"F","F"
"181","cd","c",0,10,36000,0,"F","F"
"182","cd","cat",6,30,108000,5.55555555555556e-05,"F","F"
"183","cd","cc",264,30,108000,0.00244444444444444,"F","F"
"184","cd","ccc",70,30,108000,0.000648148148148148,"F","F"
"185","cd","ccs",740,30,108000,0.00685185185185185,"F","F"
"186","cd","cs",13,29,104400,0.000124521072796935,"F","F"
"187","cd","d",195,30,108000,0.00180555555555556,"F","F"
"188","cd","dcd",0,20,72000,0,"F","F"
"189","cd","dd",31,25,90000,0.000344444444444444,"F","F"
"190","cd","ddd",39,17,61200,0.000637254901960784,"F","M"
"191","cd","ddld",11,25,90000,0.000122222222222222,"F","F"
"192","cd","dld",6,20,72000,8.33333333333333e-05,"F","M"
"193","cd","dos",0,20,72000,0,"F","F"
"194","cd","dr",0,30,108000,0,"F","F"
"195","cd","ds",245,30,108000,0.00226851851851852,"F","F"
"196","cd","eve",212,30,108000,0.00196296296296296,"F","F"
"197","cd","ivy",31,30,108000,0.000287037037037037,"F","F"
"198","cd","ld",11,30,108000,0.000101851851851852,"F","F "
"199","cd","ldc",0,30,108000,0,"F","M"
"200","cd","ldd",0,30,108000,0,"F","M"
"201","cd","lds",6,26,93600,6.41025641025641e-05,"F","F "
"202","cd","lsd",2636,7,25200,0.104603174603175,"F","F"
"203","cd","no.band",0,26,93600,0,"F","F"
"204","cd","ola",75,30,108000,0.000694444444444444,"F","F"
"205","cd","r",209,15,54000,0.00387037037037037,"F","F"
"206","cd","rc",395,30,108000,0.00365740740740741,"F","F"
"207","cd","s",16,30,108000,0.000148148148148148,"F","F"
"208","cd","sc",257,23,82800,0.00310386473429952,"F","F"
"209","cd","scs",30,21,75600,0.000396825396825397,"F","F"
"210","cd","sd",4072,29,104400,0.0390038314176245,"F","F"
"211","cd","six",540,5,18000,0.03,"F","F"
"212","cd","sld",16,25,90000,0.000177777777777778,"F","M"
"213","cd","son.of.ola",0,30,108000,0,"F","M"
"214","cd","ss",231,23,82800,0.00278985507246377,"F","F"
"215","cd","sss",0,20,72000,0,"F","F"
"216","cd","tes",34,25,90000,0.000377777777777778,"F","F"
"217","cd","una",0,11,39600,0,"F","F"
"218","cs","c",0,24,86400,0,"F","F"
"219","cs","cat",74,25,90000,0.000822222222222222,"F","F"
"220","cs","cc",365,30,108000,0.00337962962962963,"F","F"
"221","cs","ccc",0,30,108000,0,"F","F"
"222","cs","ccs",70,30,108000,0.000648148148148148,"F","F"
"223","cs","cd",8,29,104400,7.66283524904215e-05,"F","F"
"224","cs","d",0,30,108000,0,"F","F"
"225","cs","dcd",75,30,108000,0.000694444444444444,"F","F"
"226","cs","dd",53,30,108000,0.000490740740740741,"F","F"
"227","cs","ddd",0,22,79200,0,"F","M"
"228","cs","ddld",0,30,108000,0,"F","F"
"229","cs","dld",0,30,108000,0,"F","M"
"230","cs","dos",0,30,108000,0,"F","F"
"231","cs","dr",0,6,21600,0,"F","F"
"232","cs","ds",127,22,79200,0.00160353535353535,"F","F"
"233","cs","eve",10,20,72000,0.000138888888888889,"F","F"
"234","cs","ivy",16,30,108000,0.000148148148148148,"F","F"
"235","cs","ld",9853,25,90000,0.109477777777778,"F","F "
"236","cs","ldc",6,20,72000,8.33333333333333e-05,"F","M"
"237","cs","ldd",0,30,108000,0,"F","M"
"238","cs","lds",0,31,111600,0,"F","F "
"239","cs","lsd",0,1,3600,0,"F","F"
"240","cs","no.band",15,15,54000,0.000277777777777778,"F","F"
"241","cs","ola",72,30,108000,0.000666666666666667,"F","F"
"242","cs","r",60,30,108000,0.000555555555555556,"F","F"
"243","cs","rc",2480,30,108000,0.022962962962963,"F","F"
"244","cs","s",116,30,108000,0.00107407407407407,"F","F"
"245","cs","sc",0,21,75600,0,"F","F"
"246","cs","scs",179,19,68400,0.00261695906432749,"F","F"
"247","cs","sd",0,29,104400,0,"F","F"
"248","cs","sld",0,22,79200,0,"F","M"
"249","cs","son.of.ola",0,25,90000,0,"F","M"
"250","cs","ss",0,21,75600,0,"F","F"
"251","cs","sss",0,25,90000,0,"F","F"
"252","cs","tes",228,22,79200,0.00287878787878788,"F","F"
"253","cs","una",462,28,100800,0.00458333333333333,"F","F"
"254","csc","six",0,4,14400,0,"F","F"
"255","csc","tes",0,1,3600,0,"F","F"
"256","d","c",16,25,90000,0.000177777777777778,"F","F"
"257","d","cat",78,30,108000,0.000722222222222222,"F","F"
"258","d","cc",172,30,108000,0.00159259259259259,"F","F"
"259","d","ccc",1523,25,90000,0.0169222222222222,"F","F"
"260","d","ccs",163,16,57600,0.00282986111111111,"F","F"
"261","d","cd",292,30,108000,0.0027037037037037,"F","F"
"262","d","cs",21,30,108000,0.000194444444444444,"F","F"
"263","d","dcd",0,30,108000,0,"F","F"
"264","d","dd",84,21,75600,0.00111111111111111,"F","F"
"265","d","ddd",91,22,79200,0.0011489898989899,"F","M"
"266","d","ddld",0,10,36000,0,"F","F"
"267","d","dld",8914,28,100800,0.0884325396825397,"F","M"
"268","d","dos",22,30,108000,0.000203703703703704,"F","F"
"269","d","dr",10,25,90000,0.000111111111111111,"F","F"
"270","d","ds",344,30,108000,0.00318518518518518,"F","F"
"271","d","eve",220,10,36000,0.00611111111111111,"F","F"
"272","d","ivy",211,30,108000,0.0019537037037037,"F","F"
"273","d","ld",40,25,90000,0.000444444444444444,"F","F "
"274","d","ldc",38,30,108000,0.000351851851851852,"F","M"
"275","d","ldd",0,26,93600,0,"F","M"
"276","d","lds",0,27,97200,0,"F","F "
"277","d","lsd",0,7,25200,0,"F","F"
"278","d","no.band",9,26,93600,9.61538461538462e-05,"F","F"
"279","d","ola",100,22,79200,0.00126262626262626,"F","F"
"280","d","r",183,30,108000,0.00169444444444444,"F","F"
"281","d","rc",91,30,108000,0.000842592592592593,"F","F"
"282","d","s",1726,26,93600,0.0184401709401709,"F","F"
"283","d","sc",0,30,108000,0,"F","F"
"284","d","scs",831,28,100800,0.00824404761904762,"F","F"
"285","d","sd",112,37,133200,0.000840840840840841,"F","F"
"286","d","sld",437,15,54000,0.00809259259259259,"F","M"
"287","d","son.of.ola",0,30,108000,0,"F","M"
"288","d","ss",156,29,104400,0.00149425287356322,"F","F"
"289","d","sss",0,30,108000,0,"F","F"
"290","d","tes",16,30,108000,0.000148148148148148,"F","F"
"291","d","una",400,37,133200,0.003003003003003,"F","F"
"292","dcd","c",0,30,108000,0,"F","F"
"293","dcd","cat",0,20,72000,0,"F","F"
"294","dcd","cc",37,10,36000,0.00102777777777778,"F","F"
"295","dcd","ccc",0,22,79200,0,"F","F"
"296","dcd","ccs",16,30,108000,0.000148148148148148,"F","F"
"297","dcd","cd",0,20,72000,0,"F","F"
"298","dcd","cs",706,30,108000,0.00653703703703704,"F","F"
"299","dcd","d",12,30,108000,0.000111111111111111,"F","F"
"300","dcd","dd",5,25,90000,5.55555555555556e-05,"F","F"
"301","dcd","ddd",80,13,46800,0.00170940170940171,"F","M"
"302","dcd","ddld",0,25,90000,0,"F","F"
"303","dcd","dld",9,30,108000,8.33333333333333e-05,"F","M"
"304","dcd","dos",0,20,72000,0,"F","F"
"305","dcd","dr",2251,30,108000,0.0208425925925926,"F","F"
"306","dcd","ds",7761,30,108000,0.0718611111111111,"F","F"
"307","dcd","eve",910,39,140400,0.00648148148148148,"F","F"
"308","dcd","ivy",0,31,111600,0,"F","F"
"309","dcd","ld",0,22,79200,0,"F","F "
"310","dcd","ldc",46,21,75600,0.000608465608465609,"F","M"
"311","dcd","ldd",26,30,108000,0.000240740740740741,"F","M"
"312","dcd","lds",0,25,90000,0,"F","F "
"313","dcd","lsd",0,7,25200,0,"F","F"
"314","dcd","no.band",8,26,93600,8.54700854700855e-05,"F","F"
"315","dcd","ola",27,30,108000,0.00025,"F","F"
"316","dcd","r",41,25,90000,0.000455555555555556,"F","F"
"317","dcd","rc",0,10,36000,0,"F","F"
"318","dcd","s",7,30,108000,6.48148148148148e-05,"F","F"
"319","dcd","sc",9,30,108000,8.33333333333333e-05,"F","F"
"320","dcd","scs",0,29,104400,0,"F","F"
"321","dcd","sd",0,29,104400,0,"F","F"
"322","dcd","sld",0,25,90000,0,"F","M"
"323","dcd","son.of.ola",0,23,82800,0,"F","M"
"324","dcd","ss",0,31,111600,0,"F","F"
"325","dcd","sss",0,30,108000,0,"F","F"
"326","dcd","tes",39,25,90000,0.000433333333333333,"F","F"
"327","dcd","una",20,29,104400,0.000191570881226054,"F","F"
"328","dd","c",36,30,108000,0.000333333333333333,"F","F"
"329","dd","cat",226,40,144000,0.00156944444444444,"F","F"
"330","dd","cc",57,30,108000,0.000527777777777778,"F","F"
"331","dd","ccc",56,30,108000,0.000518518518518519,"F","F"
"332","dd","ccs",0,10,36000,0,"F","F"
"333","dd","cd",193,25,90000,0.00214444444444444,"F","F"
"334","dd","cs",61,30,108000,0.000564814814814815,"F","F"
"335","dd","d",0,21,75600,0,"F","F"
"336","dd","dcd",0,25,90000,0,"F","F"
"337","dd","ddd",4176,22,79200,0.0527272727272727,"F","M"
"338","dd","ddld",1404,21,75600,0.0185714285714286,"F","F"
"339","dd","dld",15,30,108000,0.000138888888888889,"F","M"
"340","dd","dos",0,16,57600,0,"F","F"
"341","dd","dr",13,30,108000,0.00012037037037037,"F","F"
"342","dd","ds",0,30,108000,0,"F","F"
"343","dd","eve",87,21,75600,0.00115079365079365,"F","F"
"344","dd","ivy",637,21,75600,0.00842592592592593,"F","F"
"345","dd","ld",60,30,108000,0.000555555555555556,"F","F "
"346","dd","ldc",205,30,108000,0.00189814814814815,"F","M"
"347","dd","ldd",7,30,108000,6.48148148148148e-05,"F","M"
"348","dd","lds",199,21,75600,0.00263227513227513,"F","F "
"349","dd","lsd",2790,7,25200,0.110714285714286,"F","F"
"350","dd","no.band",1510,26,93600,0.0161324786324786,"F","F"
"351","dd","ola",0,10,36000,0,"F","F"
"352","dd","r",705,20,72000,0.00979166666666667,"F","F"
"353","dd","rc",2626,30,108000,0.0243148148148148,"F","F"
"354","dd","s",0,30,108000,0,"F","F"
"355","dd","sc",23,30,108000,0.000212962962962963,"F","F"
"356","dd","scs",65,29,104400,0.000622605363984674,"F","F"
"357","dd","sd",91,20,72000,0.00126388888888889,"F","F"
"358","dd","six",0,1,3600,0,"F","F"
"359","dd","sld",1530,25,90000,0.017,"F","M"
"360","dd","son.of.ola",0,30,108000,0,"F","M"
"361","dd","ss",927,31,111600,0.00830645161290323,"F","F"
"362","dd","sss",595,30,108000,0.00550925925925926,"F","F"
"363","dd","tes",121,30,108000,0.00112037037037037,"F","F"
"364","dd","una",645,29,104400,0.00617816091954023,"F","F"
"365","ddd","c",16,22,79200,0.000202020202020202,"M","F"
"366","ddd","cat",0,13,46800,0,"M","F"
"367","ddd","cc",0,18,64800,0,"M","F"
"368","ddd","ccc",0,22,79200,0,"M","F"
"369","ddd","ccs",0,22,79200,0,"M","F"
"370","ddd","cd",0,17,61200,0,"M","F"
"371","ddd","cs",0,22,79200,0,"M","F"
"372","ddd","d",0,22,79200,0,"M","F"
"373","ddd","dcd",0,13,46800,0,"M","F"
"374","ddd","dd",35,22,79200,0.000441919191919192,"M","F"
"375","ddd","ddld",0,12,43200,0,"M","F"
"376","ddd","dld",0,22,79200,0,"M","M"
"377","ddd","dos",18,17,61200,0.000294117647058824,"M","F"
"378","ddd","dr",0,22,79200,0,"M","F"
"379","ddd","ds",0,17,61200,0,"M","F"
"380","ddd","eve",230,25,90000,0.00255555555555556,"M","F"
"381","ddd","ivy",0,22,79200,0,"M","F"
"382","ddd","ld",0,22,79200,0,"M","F "
"383","ddd","ldc",0,13,46800,0,"M","M"
"384","ddd","ldd",0,17,61200,0,"M","M"
"385","ddd","lds",0,22,79200,0,"M","F "
"386","ddd","lsd",0,1,3600,0,"M","F"
"387","ddd","no.band",0,22,79200,0,"M","F"
"388","ddd","ola",0,22,79200,0,"M","F"
"389","ddd","r",0,22,79200,0,"M","F"
"390","ddd","rc",0,18,64800,0,"M","F"
"391","ddd","s",16,22,79200,0.000202020202020202,"M","F"
"392","ddd","sc",0,22,79200,0,"M","F"
"393","ddd","scs",0,21,75600,0,"M","F"
"394","ddd","sd",0,21,75600,0,"M","F"
"395","ddd","sld",0,20,72000,0,"M","M"
"396","ddd","son.of.ola",0,25,90000,0,"M","M"
"397","ddd","ss",0,18,64800,0,"M","F"
"398","ddd","sss",11,22,79200,0.000138888888888889,"M","F"
"399","ddd","tes",0,12,43200,0,"M","F"
"400","ddd","una",0,22,79200,0,"M","F"
"401","ddld","c",39,30,108000,0.000361111111111111,"F","F"
"402","ddld","cat",0,30,108000,0,"F","F"
"403","ddld","cc",30,30,108000,0.000277777777777778,"F","F"
"404","ddld","ccc",0,30,108000,0,"F","F"
"405","ddld","ccs",9,21,75600,0.000119047619047619,"F","F"
"406","ddld","cd",0,25,90000,0,"F","F"
"407","ddld","cs",6,30,108000,5.55555555555556e-05,"F","F"
"408","ddld","d",0,10,36000,0,"F","F"
"409","ddld","dcd",0,25,90000,0,"F","F"
"410","ddld","dd",667,21,75600,0.00882275132275132,"F","F"
"411","ddld","ddd",0,12,43200,0,"F","M"
"412","ddld","dld",5,30,108000,4.62962962962963e-05,"F","M"
"413","ddld","dos",0,25,90000,0,"F","F"
"414","ddld","dr",32,30,108000,0.000296296296296296,"F","F"
"415","ddld","ds",141,25,90000,0.00156666666666667,"F","F"
"416","ddld","eve",0,10,36000,0,"F","F"
"417","ddld","ivy",7,30,108000,6.48148148148148e-05,"F","F"
"418","ddld","ld",94,30,108000,0.00087037037037037,"F","F "
"419","ddld","ldc",7,30,108000,6.48148148148148e-05,"F","M"
"420","ddld","ldd",0,21,75600,0,"F","M"
"421","ddld","lds",0,27,97200,0,"F","F "
"422","ddld","lsd",0,7,25200,0,"F","F"
"423","ddld","no.band",0,26,93600,0,"F","F"
"424","ddld","ola",12,26,93600,0.000128205128205128,"F","F"
"425","ddld","r",15,30,108000,0.000138888888888889,"F","F"
"426","ddld","rc",98,30,108000,0.000907407407407407,"F","F"
"427","ddld","s",0,26,93600,0,"F","F"
"428","ddld","sc",10,30,108000,9.25925925925926e-05,"F","F"
"429","ddld","scs",12,29,104400,0.000114942528735632,"F","F"
"430","ddld","sd",20,29,104400,0.000191570881226054,"F","F"
"431","ddld","sld",64,25,90000,0.000711111111111111,"F","M"
"432","ddld","son.of.ola",9,30,108000,8.33333333333333e-05,"F","M"
"433","ddld","ss",4043,30,108000,0.0374351851851852,"F","F"
"434","ddld","sss",61,30,108000,0.000564814814814815,"F","F"
"435","ddld","tes",0,20,72000,0,"F","F"
"436","ddld","una",22,29,104400,0.000210727969348659,"F","F"
"437","dld","c",0,20,72000,0,"M","F"
"438","dld","cat",0,30,108000,0,"M","F"
"439","dld","cc",0,30,108000,0,"M","F"
"440","dld","ccc",0,20,72000,0,"M","F"
"441","dld","ccs",42,20,72000,0.000583333333333333,"M","F"
"442","dld","cd",12,20,72000,0.000166666666666667,"M","F"
"443","dld","cs",12,30,108000,0.000111111111111111,"M","F"
"444","dld","d",1511,28,100800,0.0149900793650794,"M","F"
"445","dld","dcd",6,30,108000,5.55555555555556e-05,"M","F"
"446","dld","dd",0,30,108000,0,"M","F"
"447","dld","ddd",23,22,79200,0.00029040404040404,"M","M"
"448","dld","ddld",0,30,108000,0,"M","F"
"449","dld","dos",0,30,108000,0,"M","F"
"450","dld","dr",70,30,108000,0.000648148148148148,"M","F"
"451","dld","ds",0,25,90000,0,"M","F"
"452","dld","eve",0,30,108000,0,"M","F"
"453","dld","ivy",0,30,108000,0,"M","F"
"454","dld","ld",0,30,108000,0,"M","F "
"455","dld","ldc",643,30,108000,0.0059537037037037,"M","M"
"456","dld","ldd",0,17,61200,0,"M","M"
"457","dld","lds",0,23,82800,0,"M","F "
"458","dld","lsd",0,7,25200,0,"M","F"
"459","dld","no.band",0,26,93600,0,"M","F"
"460","dld","ola",0,30,108000,0,"M","F"
"461","dld","r",0,10,36000,0,"M","F"
"462","dld","rc",32,30,108000,0.000296296296296296,"M","F"
"463","dld","s",37,22,79200,0.000467171717171717,"M","F"
"464","dld","sc",0,30,108000,0,"M","F"
"465","dld","scs",0,29,104400,0,"M","F"
"466","dld","sd",0,34,122400,0,"M","F"
"467","dld","sld",35,20,72000,0.000486111111111111,"M","M"
"468","dld","son.of.ola",0,30,108000,0,"M","M"
"469","dld","ss",5,25,90000,5.55555555555556e-05,"M","F"
"470","dld","sss",96,10,36000,0.00266666666666667,"M","F"
"471","dld","tes",0,30,108000,0,"M","F"
"472","dld","una",0,25,90000,0,"M","F"
"473","dos","c",139,31,111600,0.00124551971326165,"F","F"
"474","dos","cat",269,30,108000,0.00249074074074074,"F","F"
"475","dos","cc",0,30,108000,0,"F","F"
"476","dos","ccc",462,25,90000,0.00513333333333333,"F","F"
"477","dos","ccs",0,21,75600,0,"F","F"
"478","dos","cd",0,20,72000,0,"F","F"
"479","dos","cs",36,30,108000,0.000333333333333333,"F","F"
"480","dos","d",10,30,108000,9.25925925925926e-05,"F","F"
"481","dos","dcd",0,20,72000,0,"F","F"
"482","dos","dd",10,16,57600,0.000173611111111111,"F","F"
"483","dos","ddd",17,17,61200,0.000277777777777778,"F","M"
"484","dos","ddld",0,25,90000,0,"F","F"
"485","dos","dld",11,30,108000,0.000101851851851852,"F","M"
"486","dos","dr",0,30,108000,0,"F","F"
"487","dos","ds",0,30,108000,0,"F","F"
"488","dos","eve",79,30,108000,0.000731481481481482,"F","F"
"489","dos","hilga",0,3,10800,0,"F","F"
"490","dos","ivy",42,10,36000,0.00116666666666667,"F","F"
"491","dos","ld",0,20,72000,0,"F","F "
"492","dos","ldc",0,30,108000,0,"F","M"
"493","dos","ldd",0,30,108000,0,"F","M"
"494","dos","lds",0,26,93600,0,"F","F "
"495","dos","lsd",0,7,25200,0,"F","F"
"496","dos","no.band",0,26,93600,0,"F","F"
"497","dos","ola",18,21,75600,0.000238095238095238,"F","F"
"498","dos","r",5,25,90000,5.55555555555556e-05,"F","F"
"499","dos","rc",812,38,136800,0.00593567251461988,"F","F"
"500","dos","s",122,40,144000,0.000847222222222222,"F","F"
"501","dos","sc",0,30,108000,0,"F","F"
"502","dos","scc",0,1,3600,0,"F","F"
"503","dos","scs",0,29,104400,0,"F","F"
"504","dos","sd",0,10,36000,0,"F","F"
"505","dos","sld",9,29,104400,8.62068965517241e-05,"F","M"
"506","dos","son.of.ola",46,20,72000,0.000638888888888889,"F","M"
"507","dos","ss",0,31,111600,0,"F","F"
"508","dos","sss",0,30,108000,0,"F","F"
"509","dos","tes",767,25,90000,0.00852222222222222,"F","F"
"510","dos","una",230,29,104400,0.00220306513409962,"F","F"
"511","dr","c",54,20,72000,0.00075,"F","F"
"512","dr","cat",0,30,108000,0,"F","F"
"513","dr","cc",37,30,108000,0.000342592592592593,"F","F"
"514","dr","ccc",189,30,108000,0.00175,"F","F"
"515","dr","ccs",0,30,108000,0,"F","F"
"516","dr","cd",76,30,108000,0.000703703703703704,"F","F"
"517","dr","cs",76,6,21600,0.00351851851851852,"F","F"
"518","dr","d",35,25,90000,0.000388888888888889,"F","F"
"519","dr","dcd",3970,30,108000,0.0367592592592593,"F","F"
"520","dr","dd",9,30,108000,8.33333333333333e-05,"F","F"
"521","dr","ddd",23,22,79200,0.00029040404040404,"F","M"
"522","dr","ddld",0,30,108000,0,"F","F"
"523","dr","dld",27,30,108000,0.00025,"F","M"
"524","dr","dos",0,30,108000,0,"F","F"
"525","dr","ds",3255,21,75600,0.0430555555555556,"F","F"
"526","dr","eve",0,25,90000,0,"F","F"
"527","dr","ivy",0,30,108000,0,"F","F"
"528","dr","ld",12,20,72000,0.000166666666666667,"F","F "
"529","dr","ldc",17,25,90000,0.000188888888888889,"F","M"
"530","dr","ldd",0,30,108000,0,"F","M"
"531","dr","lds",0,31,111600,0,"F","F "
"532","dr","lsd",0,1,3600,0,"F","F"
"533","dr","no.band",86,14,50400,0.00170634920634921,"F","F"
"534","dr","ola",28,30,108000,0.000259259259259259,"F","F"
"535","dr","r",10,30,108000,9.25925925925926e-05,"F","F"
"536","dr","rc",79,30,108000,0.000731481481481482,"F","F"
"537","dr","s",17,30,108000,0.000157407407407407,"F","F"
"538","dr","sc",0,20,72000,0,"F","F"
"539","dr","scs",0,16,57600,0,"F","F"
"540","dr","sd",0,29,104400,0,"F","F"
"541","dr","sld",123,16,57600,0.00213541666666667,"F","M"
"542","dr","son.of.ola",0,30,108000,0,"F","M"
"543","dr","ss",0,21,75600,0,"F","F"
"544","dr","sss",20,30,108000,0.000185185185185185,"F","F"
"545","dr","tes",11,21,75600,0.000145502645502645,"F","F"
"546","dr","una",19,29,104400,0.000181992337164751,"F","F"
"547","ds","c",0,30,108000,0,"F","F"
"548","ds","cat",0,26,93600,0,"F","F"
"549","ds","cc",830,30,108000,0.00768518518518519,"F","F"
"550","ds","ccc",442,25,90000,0.00491111111111111,"F","F"
"551","ds","ccs",16,25,90000,0.000177777777777778,"F","F"
"552","ds","cd",287,30,108000,0.00265740740740741,"F","F"
"553","ds","cs",629,22,79200,0.00794191919191919,"F","F"
"554","ds","d",322,30,108000,0.00298148148148148,"F","F"
"555","ds","dcd",901,30,108000,0.00834259259259259,"F","F"
"556","ds","dd",0,30,108000,0,"F","F"
"557","ds","ddd",0,17,61200,0,"F","M"
"558","ds","ddld",0,25,90000,0,"F","F"
"559","ds","dld",0,25,90000,0,"F","M"
"560","ds","dos",8,30,108000,7.40740740740741e-05,"F","F"
"561","ds","dr",12246,21,75600,0.161984126984127,"F","F"
"562","ds","eve",59,30,108000,0.000546296296296296,"F","F"
"563","ds","ivy",232,30,108000,0.00214814814814815,"F","F"
"564","ds","ld",10,30,108000,9.25925925925926e-05,"F","F "
"565","ds","ldc",8,26,93600,8.54700854700855e-05,"F","M"
"566","ds","ldd",6,20,72000,8.33333333333333e-05,"F","M"
"567","ds","lds",0,31,111600,0,"F","F "
"568","ds","lsd",0,5,18000,0,"F","F"
"569","ds","no.band",15,16,57600,0.000260416666666667,"F","F"
"570","ds","ola",20,30,108000,0.000185185185185185,"F","F"
"571","ds","r",78,30,108000,0.000722222222222222,"F","F"
"572","ds","rc",190,30,108000,0.00175925925925926,"F","F"
"573","ds","s",188,30,108000,0.00174074074074074,"F","F"
"574","ds","sc",19,29,104400,0.000181992337164751,"F","F"
"575","ds","scs",60,29,104400,0.000574712643678161,"F","F"
"576","ds","sd",23,29,104400,0.000220306513409962,"F","F"
"577","ds","sld",0,17,61200,0,"F","M"
"578","ds","son.of.ola",0,30,108000,0,"F","M"
"579","ds","ss",226,21,75600,0.00298941798941799,"F","F"
"580","ds","sss",0,30,108000,0,"F","F"
"581","ds","tes",0,5,18000,0,"F","F"
"582","ds","una",26,29,104400,0.00024904214559387,"F","F"
"583","eve","c",793,25,90000,0.00881111111111111,"F","F"
"584","eve","cat",760,25,90000,0.00844444444444444,"F","F"
"585","eve","cc",209,30,108000,0.00193518518518519,"F","F"
"586","eve","ccc",271,30,108000,0.00250925925925926,"F","F"
"587","eve","ccs",60,21,75600,0.000793650793650794,"F","F"
"588","eve","cd",190,30,108000,0.00175925925925926,"F","F"
"589","eve","cs",103,20,72000,0.00143055555555556,"F","F"
"590","eve","d",592,10,36000,0.0164444444444444,"F","F"
"591","eve","dcd",3824,39,140400,0.0272364672364672,"F","F"
"592","eve","dd",55,21,75600,0.000727513227513227,"F","F"
"593","eve","ddd",9289,25,90000,0.103211111111111,"F","M"
"594","eve","ddld",0,10,36000,0,"F","F"
"595","eve","dld",74,30,108000,0.000685185185185185,"F","M"
"596","eve","dos",98,30,108000,0.000907407407407407,"F","F"
"597","eve","dr",19,25,90000,0.000211111111111111,"F","F"
"598","eve","ds",62,30,108000,0.000574074074074074,"F","F"
"599","eve","hilga",0,1,3600,0,"F","F"
"600","eve","ivy",687,30,108000,0.00636111111111111,"F","F"
"601","eve","ld",8,25,90000,8.88888888888889e-05,"F","F "
"602","eve","ldc",0,20,72000,0,"F","M"
"603","eve","ldd",100,26,93600,0.00106837606837607,"F","M"
"604","eve","lds",22,27,97200,0.000226337448559671,"F","F "
"605","eve","lsd",0,7,25200,0,"F","F"
"606","eve","no.band",43,26,93600,0.000459401709401709,"F","F"
"607","eve","ola",74,21,75600,0.000978835978835979,"F","F"
"608","eve","r",481,30,108000,0.0044537037037037,"F","F"
"609","eve","rc",280,31,111600,0.0025089605734767,"F","F"
"610","eve","s",69,26,93600,0.000737179487179487,"F","F"
"611","eve","sc",8,30,108000,7.40740740740741e-05,"F","F"
"612","eve","scs",287,30,108000,0.00265740740740741,"F","F"
"613","eve","sd",128,29,104400,0.00122605363984674,"F","F"
"614","eve","sld",106,25,90000,0.00117777777777778,"F","M"
"615","eve","son.of.ola",141,25,90000,0.00156666666666667,"F","M"
"616","eve","ss",406,31,111600,0.00363799283154122,"F","F"
"617","eve","sss",37,25,90000,0.000411111111111111,"F","F"
"618","eve","tes",368,30,108000,0.00340740740740741,"F","F"
"619","eve","una",243,29,104400,0.00232758620689655,"F","F"
"620","hilga","dos",0,3,10800,0,"F","F"
"621","hilga","eve",0,1,3600,0,"F","F"
"622","hilga","rc",0,1,3600,0,"F","F"
"623","hilga","s",131,3,10800,0.0121296296296296,"F","F"
"624","ivy","c",13272,40,144000,0.0921666666666667,"F","F"
"625","ivy","cat",86,30,108000,0.000796296296296296,"F","F"
"626","ivy","cc",27,30,108000,0.00025,"F","F"
"627","ivy","ccc",865,20,72000,0.0120138888888889,"F","F"
"628","ivy","ccs",465,21,75600,0.00615079365079365,"F","F"
"629","ivy","cd",42,30,108000,0.000388888888888889,"F","F"
"630","ivy","cs",13,30,108000,0.00012037037037037,"F","F"
"631","ivy","d",591,30,108000,0.00547222222222222,"F","F"
"632","ivy","dcd",0,31,111600,0,"F","F"
"633","ivy","dd",559,21,75600,0.00739417989417989,"F","F"
"634","ivy","ddd",135,22,79200,0.00170454545454545,"F","M"
"635","ivy","ddld",27,30,108000,0.00025,"F","F"
"636","ivy","dld",0,30,108000,0,"F","M"
"637","ivy","dos",64,10,36000,0.00177777777777778,"F","F"
"638","ivy","dr",0,30,108000,0,"F","F"
"639","ivy","ds",209,30,108000,0.00193518518518519,"F","F"
"640","ivy","eve",711,30,108000,0.00658333333333333,"F","F"
"641","ivy","ld",11,20,72000,0.000152777777777778,"F","F "
"642","ivy","ldc",0,30,108000,0,"F","M"
"643","ivy","ldd",8,30,108000,7.40740740740741e-05,"F","M"
"644","ivy","lds",84,31,111600,0.000752688172043011,"F","F "
"645","ivy","lsd",16,7,25200,0.000634920634920635,"F","F"
"646","ivy","no.band",0,16,57600,0,"F","F"
"647","ivy","ola",694,21,75600,0.00917989417989418,"F","F"
"648","ivy","r",208,30,108000,0.00192592592592593,"F","F"
"649","ivy","rc",602,20,72000,0.00836111111111111,"F","F"
"650","ivy","s",143,25,90000,0.00158888888888889,"F","F"
"651","ivy","sc",0,30,108000,0,"F","F"
"652","ivy","scs",310,29,104400,0.00296934865900383,"F","F"
"653","ivy","sd",0,5,18000,0,"F","F"
"654","ivy","sld",6,24,86400,6.94444444444444e-05,"F","M"
"655","ivy","son.of.ola",60,20,72000,0.000833333333333333,"F","M"
"656","ivy","ss",605,31,111600,0.00542114695340502,"F","F"
"657","ivy","sss",14,30,108000,0.00012962962962963,"F","F"
"658","ivy","tes",373,30,108000,0.0034537037037037,"F","F"
"659","ivy","una",702,24,86400,0.008125,"F","F"
"660","ld","c",73,20,72000,0.00101388888888889,"F ","F"
"661","ld","cat",17,30,108000,0.000157407407407407,"F ","F"
"662","ld","cc",0,22,79200,0,"F ","F"
"663","ld","ccc",0,10,36000,0,"F ","F"
"664","ld","ccs",0,30,108000,0,"F ","F"
"665","ld","cd",0,30,108000,0,"F ","F"
"666","ld","cs",2425,25,90000,0.0269444444444444,"F ","F"
"667","ld","d",0,25,90000,0,"F ","F"
"668","ld","dcd",0,22,79200,0,"F ","F"
"669","ld","dd",0,30,108000,0,"F ","F"
"670","ld","ddd",0,22,79200,0,"F ","M"
"671","ld","ddld",15,30,108000,0.000138888888888889,"F ","F"
"672","ld","dld",0,30,108000,0,"F ","M"
"673","ld","dos",0,20,72000,0,"F ","F"
"674","ld","dr",0,20,72000,0,"F ","F"
"675","ld","ds",13,30,108000,0.00012037037037037,"F ","F"
"676","ld","eve",0,25,90000,0,"F ","F"
"677","ld","ivy",0,20,72000,0,"F ","F"
"678","ld","ldc",23,25,90000,0.000255555555555556,"F ","M"
"679","ld","ldd",0,30,108000,0,"F ","M"
"680","ld","lds",7,31,111600,6.27240143369176e-05,"F ","F "
"681","ld","lsd",0,7,25200,0,"F ","F"
"682","ld","no.band",0,26,93600,0,"F ","F"
"683","ld","ola",0,30,108000,0,"F ","F"
"684","ld","r",0,30,108000,0,"F ","F"
"685","ld","rc",0,22,79200,0,"F ","F"
"686","ld","s",7,30,108000,6.48148148148148e-05,"F ","F"
"687","ld","sc",0,30,108000,0,"F ","F"
"688","ld","scs",0,25,90000,0,"F ","F"
"689","ld","sd",0,20,72000,0,"F ","F"
"690","ld","sld",0,20,72000,0,"F ","M"
"691","ld","son.of.ola",10,12,43200,0.000231481481481481,"F ","M"
"692","ld","ss",0,30,108000,0,"F ","F"
"693","ld","sss",0,30,108000,0,"F ","F"
"694","ld","tes",0,30,108000,0,"F ","F"
"695","ld","una",0,29,104400,0,"F ","F"
"696","ldc","c",0,25,90000,0,"M","F"
"697","ldc","cat",35,7,25200,0.00138888888888889,"M","F"
"698","ldc","cc",549,25,90000,0.0061,"M","F"
"699","ldc","ccc",0,30,108000,0,"M","F"
"700","ldc","ccs",0,30,108000,0,"M","F"
"701","ldc","cd",0,30,108000,0,"M","F"
"702","ldc","cs",0,20,72000,0,"M","F"
"703","ldc","d",32,30,108000,0.000296296296296296,"M","F"
"704","ldc","dcd",0,21,75600,0,"M","F"
"705","ldc","dd",0,30,108000,0,"M","F"
"706","ldc","ddd",0,13,46800,0,"M","M"
"707","ldc","ddld",0,30,108000,0,"M","F"
"708","ldc","dld",680,30,108000,0.0062962962962963,"M","M"
"709","ldc","dos",0,30,108000,0,"M","F"
"710","ldc","dr",0,25,90000,0,"M","F"
"711","ldc","ds",51,26,93600,0.000544871794871795,"M","F"
"712","ldc","eve",0,20,72000,0,"M","F"
"713","ldc","ivy",9,30,108000,8.33333333333333e-05,"M","F"
"714","ldc","ld",0,25,90000,0,"M","F "
"715","ldc","ldd",115,30,108000,0.00106481481481481,"M","M"
"716","ldc","lds",140,31,111600,0.00125448028673835,"M","F "
"717","ldc","lsd",0,7,25200,0,"M","F"
"718","ldc","no.band",86,23,82800,0.00103864734299517,"M","F"
"719","ldc","ola",0,30,108000,0,"M","F"
"720","ldc","r",46,30,108000,0.000425925925925926,"M","F"
"721","ldc","rc",8,21,75600,0.000105820105820106,"M","F"
"722","ldc","s",89,30,108000,0.000824074074074074,"M","F"
"723","ldc","sc",0,30,108000,0,"M","F"
"724","ldc","scs",0,29,104400,0,"M","F"
"725","ldc","sd",0,29,104400,0,"M","F"
"726","ldc","sld",1267,25,90000,0.0140777777777778,"M","M"
"727","ldc","son.of.ola",0,25,90000,0,"M","M"
"728","ldc","ss",0,31,111600,0,"M","F"
"729","ldc","sss",37,25,90000,0.000411111111111111,"M","F"
"730","ldc","tes",13,26,93600,0.000138888888888889,"M","F"
"731","ldc","una",0,29,104400,0,"M","F"
"732","ldd","c",0,30,108000,0,"M","F"
"733","ldd","cat",0,30,108000,0,"M","F"
"734","ldd","cc",7,30,108000,6.48148148148148e-05,"M","F"
"735","ldd","ccc",6,25,90000,6.66666666666667e-05,"M","F"
"736","ldd","ccs",147,25,90000,0.00163333333333333,"M","F"
"737","ldd","cd",15,30,108000,0.000138888888888889,"M","F"
"738","ldd","cs",6,30,108000,5.55555555555556e-05,"M","F"
"739","ldd","d",0,26,93600,0,"M","F"
"740","ldd","dcd",6,30,108000,5.55555555555556e-05,"M","F"
"741","ldd","dd",52,30,108000,0.000481481481481481,"M","F"
"742","ldd","ddd",0,17,61200,0,"M","M"
"743","ldd","ddld",0,21,75600,0,"M","F"
"744","ldd","dld",0,17,61200,0,"M","M"
"745","ldd","dos",6,30,108000,5.55555555555556e-05,"M","F"
"746","ldd","dr",0,30,108000,0,"M","F"
"747","ldd","ds",0,20,72000,0,"M","F"
"748","ldd","eve",57,26,93600,0.000608974358974359,"M","F"
"749","ldd","ivy",39,30,108000,0.000361111111111111,"M","F"
"750","ldd","ld",0,30,108000,0,"M","F "
"751","ldd","ldc",21,30,108000,0.000194444444444444,"M","M"
"752","ldd","lds",0,11,39600,0,"M","F "
"753","ldd","lsd",17,7,25200,0.000674603174603175,"M","F"
"754","ldd","no.band",5,26,93600,5.34188034188034e-05,"M","F"
"755","ldd","ola",0,30,108000,0,"M","F"
"756","ldd","r",6,22,79200,7.57575757575758e-05,"M","F"
"757","ldd","rc",38,30,108000,0.000351851851851852,"M","F"
"758","ldd","s",0,10,36000,0,"M","F"
"759","ldd","sc",460,30,108000,0.00425925925925926,"M","F"
"760","ldd","scs",22,29,104400,0.000210727969348659,"M","F"
"761","ldd","sd",0,29,104400,0,"M","F"
"762","ldd","sld",47,25,90000,0.000522222222222222,"M","M"
"763","ldd","son.of.ola",0,30,108000,0,"M","M"
"764","ldd","ss",0,21,75600,0,"M","F"
"765","ldd","sss",0,22,79200,0,"M","F"
"766","ldd","tes",0,25,90000,0,"M","F"
"767","ldd","una",12,29,104400,0.000114942528735632,"M","F"
"768","lds","c",1128,31,111600,0.0101075268817204,"F ","F"
"769","lds","cat",0,29,104400,0,"F ","F"
"770","lds","cc",155,31,111600,0.00138888888888889,"F ","F"
"771","lds","ccc",0,31,111600,0,"F ","F"
"772","lds","ccs",0,31,111600,0,"F ","F"
"773","lds","cd",10,26,93600,0.000106837606837607,"F ","F"
"774","lds","cs",0,31,111600,0,"F ","F"
"775","lds","d",12,27,97200,0.000123456790123457,"F ","F"
"776","lds","dcd",10,25,90000,0.000111111111111111,"F ","F"
"777","lds","dd",59,21,75600,0.00078042328042328,"F ","F"
"778","lds","ddd",48,22,79200,0.000606060606060606,"F ","M"
"779","lds","ddld",0,27,97200,0,"F ","F"
"780","lds","dld",0,23,82800,0,"F ","M"
"781","lds","dos",0,26,93600,0,"F ","F"
"782","lds","dr",0,31,111600,0,"F ","F"
"783","lds","ds",216,31,111600,0.00193548387096774,"F ","F"
"784","lds","eve",0,27,97200,0,"F ","F"
"785","lds","ivy",22,31,111600,0.000197132616487455,"F ","F"
"786","lds","ld",0,31,111600,0,"F ","F "
"787","lds","ldc",0,31,111600,0,"F ","M"
"788","lds","ldd",0,11,39600,0,"F ","M"
"789","lds","lsd",0,8,28800,0,"F ","F"
"790","lds","no.band",11,27,97200,0.000113168724279835,"F ","F"
"791","lds","ola",15,31,111600,0.000134408602150538,"F ","F"
"792","lds","r",193,13,46800,0.00412393162393162,"F ","F"
"793","lds","rc",0,30,108000,0,"F ","F"
"794","lds","s",0,11,39600,0,"F ","F"
"795","lds","sc",0,31,111600,0,"F ","F"
"796","lds","scs",0,30,108000,0,"F ","F"
"797","lds","sd",0,30,108000,0,"F ","F"
"798","lds","sld",0,26,93600,0,"F ","M"
"799","lds","son.of.ola",0,31,111600,0,"F ","M"
"800","lds","ss",0,32,115200,0,"F ","F"
"801","lds","sss",0,23,82800,0,"F ","F"
"802","lds","tes",0,31,111600,0,"F ","F"
"803","lds","una",0,30,108000,0,"F ","F"
"804","lsd","c",0,7,25200,0,"F","F"
"805","lsd","cat",0,7,25200,0,"F","F"
"806","lsd","cc",9,7,25200,0.000357142857142857,"F","F"
"807","lsd","ccc",39,7,25200,0.00154761904761905,"F","F"
"808","lsd","ccs",0,7,25200,0,"F","F"
"809","lsd","cd",87,7,25200,0.00345238095238095,"F","F"
"810","lsd","cs",0,1,3600,0,"F","F"
"811","lsd","d",0,7,25200,0,"F","F"
"812","lsd","dcd",8,7,25200,0.000317460317460317,"F","F"
"813","lsd","dd",784,7,25200,0.0311111111111111,"F","F"
"814","lsd","ddd",0,1,3600,0,"F","M"
"815","lsd","ddld",0,7,25200,0,"F","F"
"816","lsd","dld",0,7,25200,0,"F","M"
"817","lsd","dos",47,7,25200,0.00186507936507937,"F","F"
"818","lsd","dr",0,1,3600,0,"F","F"
"819","lsd","ds",0,5,18000,0,"F","F"
"820","lsd","eve",11,7,25200,0.000436507936507937,"F","F"
"821","lsd","ivy",16,7,25200,0.000634920634920635,"F","F"
"822","lsd","ld",53,7,25200,0.0021031746031746,"F","F "
"823","lsd","ldc",0,7,25200,0,"F","M"
"824","lsd","ldd",0,7,25200,0,"F","M"
"825","lsd","lds",27,8,28800,0.0009375,"F","F "
"826","lsd","no.band",0,3,10800,0,"F","F"
"827","lsd","ola",0,7,25200,0,"F","F"
"828","lsd","r",49,7,25200,0.00194444444444444,"F","F"
"829","lsd","rc",1146,7,25200,0.0454761904761905,"F","F"
"830","lsd","s",0,7,25200,0,"F","F"
"831","lsd","sc",0,5,18000,0,"F","F"
"832","lsd","scs",0,5,18000,0,"F","F"
"833","lsd","sd",38,7,25200,0.00150793650793651,"F","F"
"834","lsd","sld",0,4,14400,0,"F","M"
"835","lsd","son.of.ola",0,7,25200,0,"F","M"
"836","lsd","ss",13,5,18000,0.000722222222222222,"F","F"
"837","lsd","sss",0,7,25200,0,"F","F"
"838","lsd","tes",0,4,14400,0,"F","F"
"839","lsd","una",0,6,21600,0,"F","F"
"840","no.band","c",13,26,93600,0.000138888888888889,"F","F"
"841","no.band","cat",0,24,86400,0,"F","F"
"842","no.band","cc",19,26,93600,0.000202991452991453,"F","F"
"843","no.band","ccc",49,26,93600,0.000523504273504274,"F","F"
"844","no.band","ccs",0,26,93600,0,"F","F"
"845","no.band","cd",0,26,93600,0,"F","F"
"846","no.band","cs",0,15,54000,0,"F","F"
"847","no.band","d",45,26,93600,0.000480769230769231,"F","F"
"848","no.band","dcd",0,26,93600,0,"F","F"
"849","no.band","dd",18,26,93600,0.000192307692307692,"F","F"
"850","no.band","ddd",11,22,79200,0.000138888888888889,"F","M"
"851","no.band","ddld",0,26,93600,0,"F","F"
"852","no.band","dld",0,26,93600,0,"F","M"
"853","no.band","dos",20,26,93600,0.000213675213675214,"F","F"
"854","no.band","dr",0,14,50400,0,"F","F"
"855","no.band","ds",0,16,57600,0,"F","F"
"856","no.band","eve",12,26,93600,0.000128205128205128,"F","F"
"857","no.band","ivy",0,16,57600,0,"F","F"
"858","no.band","ld",41,26,93600,0.000438034188034188,"F","F "
"859","no.band","ldc",0,23,82800,0,"F","M"
"860","no.band","ldd",0,26,93600,0,"F","M"
"861","no.band","lds",0,27,97200,0,"F","F "
"862","no.band","lsd",0,3,10800,0,"F","F"
"863","no.band","ola",86,26,93600,0.000918803418803419,"F","F"
"864","no.band","r",31,26,93600,0.000331196581196581,"F","F"
"865","no.band","rc",0,16,57600,0,"F","F"
"866","no.band","s",5,21,75600,6.61375661375661e-05,"F","F"
"867","no.band","sc",24,19,68400,0.000350877192982456,"F","F"
"868","no.band","scs",0,19,68400,0,"F","F"
"869","no.band","sd",122,21,75600,0.00161375661375661,"F","F"
"870","no.band","sld",0,17,61200,0,"F","M"
"871","no.band","son.of.ola",0,27,97200,0,"F","M"
"872","no.band","ss",0,21,75600,0,"F","F"
"873","no.band","sss",29,26,93600,0.00030982905982906,"F","F"
"874","no.band","tes",0,16,57600,0,"F","F"
"875","no.band","una",214,21,75600,0.00283068783068783,"F","F"
"876","ola","c",1407,30,108000,0.0130277777777778,"F","F"
"877","ola","cat",272,25,90000,0.00302222222222222,"F","F"
"878","ola","cc",16,20,72000,0.000222222222222222,"F","F"
"879","ola","ccc",278,30,108000,0.00257407407407407,"F","F"
"880","ola","ccs",127,10,36000,0.00352777777777778,"F","F"
"881","ola","cd",75,30,108000,0.000694444444444444,"F","F"
"882","ola","cs",80,30,108000,0.000740740740740741,"F","F"
"883","ola","d",47,22,79200,0.000593434343434343,"F","F"
"884","ola","dcd",48,30,108000,0.000444444444444444,"F","F"
"885","ola","dd",0,10,36000,0,"F","F"
"886","ola","ddd",6,22,79200,7.57575757575758e-05,"F","M"
"887","ola","ddld",33,26,93600,0.000352564102564103,"F","F"
"888","ola","dld",34,30,108000,0.000314814814814815,"F","M"
"889","ola","dos",133,21,75600,0.00175925925925926,"F","F"
"890","ola","dr",32,30,108000,0.000296296296296296,"F","F"
"891","ola","ds",56,30,108000,0.000518518518518519,"F","F"
"892","ola","eve",153,21,75600,0.00202380952380952,"F","F"
"893","ola","ivy",434,21,75600,0.00574074074074074,"F","F"
"894","ola","ld",148,30,108000,0.00137037037037037,"F","F "
"895","ola","ldc",0,30,108000,0,"F","M"
"896","ola","ldd",8,30,108000,7.40740740740741e-05,"F","M"
"897","ola","lds",39,31,111600,0.000349462365591398,"F","F "
"898","ola","lsd",0,7,25200,0,"F","F"
"899","ola","no.band",572,26,93600,0.00611111111111111,"F","F"
"900","ola","r",740,30,108000,0.00685185185185185,"F","F"
"901","ola","rc",80,30,108000,0.000740740740740741,"F","F"
"902","ola","s",132,25,90000,0.00146666666666667,"F","F"
"903","ola","sc",0,20,72000,0,"F","F"
"904","ola","scs",272,29,104400,0.00260536398467433,"F","F"
"905","ola","sd",36,16,57600,0.000625,"F","F"
"906","ola","sld",15,24,86400,0.000173611111111111,"F","M"
"907","ola","son.of.ola",7465,29,104400,0.0715038314176245,"F","M"
"908","ola","ss",435,40,144000,0.00302083333333333,"F","F"
"909","ola","sss",0,25,90000,0,"F","F"
"910","ola","tes",497,30,108000,0.00460185185185185,"F","F"
"911","ola","una",892,24,86400,0.0103240740740741,"F","F"
"912","r","c",24,20,72000,0.000333333333333333,"F","F"
"913","r","cat",27,30,108000,0.00025,"F","F"
"914","r","cc",1356,30,108000,0.0125555555555556,"F","F"
"915","r","ccc",56,30,108000,0.000518518518518519,"F","F"
"916","r","ccs",322,30,108000,0.00298148148148148,"F","F"
"917","r","cd",185,15,54000,0.00342592592592593,"F","F"
"918","r","cs",40,30,108000,0.00037037037037037,"F","F"
"919","r","d",225,30,108000,0.00208333333333333,"F","F"
"920","r","dcd",0,25,90000,0,"F","F"
"921","r","dd",739,20,72000,0.0102638888888889,"F","F"
"922","r","ddd",15,22,79200,0.000189393939393939,"F","M"
"923","r","ddld",14,30,108000,0.00012962962962963,"F","F"
"924","r","dld",0,10,36000,0,"F","M"
"925","r","dos",83,25,90000,0.000922222222222222,"F","F"
"926","r","dr",0,30,108000,0,"F","F"
"927","r","ds",81,30,108000,0.00075,"F","F"
"928","r","eve",402,30,108000,0.00372222222222222,"F","F"
"929","r","ivy",245,30,108000,0.00226851851851852,"F","F"
"930","r","ld",8,30,108000,7.40740740740741e-05,"F","F "
"931","r","ldc",51,30,108000,0.000472222222222222,"F","M"
"932","r","ldd",0,22,79200,0,"F","M"
"933","r","lds",11096,13,46800,0.237094017094017,"F","F "
"934","r","lsd",0,7,25200,0,"F","F"
"935","r","no.band",9,26,93600,9.61538461538462e-05,"F","F"
"936","r","ola",1103,30,108000,0.010212962962963,"F","F"
"937","r","rc",75,30,108000,0.000694444444444444,"F","F"
"938","r","s",393,22,79200,0.00496212121212121,"F","F"
"939","r","sc",53,30,108000,0.000490740740740741,"F","F"
"940","r","scs",2217,29,104400,0.021235632183908,"F","F"
"941","r","sd",1302,29,104400,0.0124712643678161,"F","F"
"942","r","sld",0,25,90000,0,"F","M"
"943","r","son.of.ola",19,30,108000,0.000175925925925926,"F","M"
"944","r","ss",256,31,111600,0.00229390681003584,"F","F"
"945","r","sss",0,10,36000,0,"F","F"
"946","r","tes",86,30,108000,0.000796296296296296,"F","F"
"947","r","una",192,20,72000,0.00266666666666667,"F","F"
"948","rc","c",6,30,108000,5.55555555555556e-05,"F","F"
"949","rc","cat",0,20,72000,0,"F","F"
"950","rc","cc",0,10,36000,0,"F","F"
"951","rc","ccc",196,27,97200,0.00201646090534979,"F","F"
"952","rc","ccs",74,30,108000,0.000685185185185185,"F","F"
"953","rc","cd",45,30,108000,0.000416666666666667,"F","F"
"954","rc","cs",682,30,108000,0.00631481481481481,"F","F"
"955","rc","d",100,30,108000,0.000925925925925926,"F","F"
"956","rc","dcd",0,10,36000,0,"F","F"
"957","rc","dd",1386,30,108000,0.0128333333333333,"F","F"
"958","rc","ddd",0,18,64800,0,"F","M"
"959","rc","ddld",0,30,108000,0,"F","F"
"960","rc","dld",5,30,108000,4.62962962962963e-05,"F","M"
"961","rc","dos",234,38,136800,0.00171052631578947,"F","F"
"962","rc","dr",0,30,108000,0,"F","F"
"963","rc","ds",47,30,108000,0.000435185185185185,"F","F"
"964","rc","eve",144,31,111600,0.00129032258064516,"F","F"
"965","rc","hilga",514,1,3600,0.142777777777778,"F","F"
"966","rc","ivy",288,20,72000,0.004,"F","F"
"967","rc","ld",15,22,79200,0.000189393939393939,"F","F "
"968","rc","ldc",0,21,75600,0,"F","M"
"969","rc","ldd",0,30,108000,0,"F","M"
"970","rc","lds",0,30,108000,0,"F","F "
"971","rc","lsd",161,7,25200,0.00638888888888889,"F","F"
"972","rc","no.band",0,16,57600,0,"F","F"
"973","rc","ola",26,30,108000,0.000240740740740741,"F","F"
"974","rc","r",0,30,108000,0,"F","F"
"975","rc","s",461,33,118800,0.00388047138047138,"F","F"
"976","rc","sc",0,30,108000,0,"F","F"
"977","rc","scs",87,29,104400,0.000833333333333333,"F","F"
"978","rc","sd",171,25,90000,0.0019,"F","F"
"979","rc","sld",0,28,100800,0,"F","M"
"980","rc","son.of.ola",0,23,82800,0,"F","M"
"981","rc","ss",69,31,111600,0.000618279569892473,"F","F"
"982","rc","sss",21,30,108000,0.000194444444444444,"F","F"
"983","rc","tes",0,30,108000,0,"F","F"
"984","rc","una",9,24,86400,0.000104166666666667,"F","F"
"985","s","c",68,30,108000,0.00062962962962963,"F","F"
"986","s","cat",6,30,108000,5.55555555555556e-05,"F","F"
"987","s","cc",443,25,90000,0.00492222222222222,"F","F"
"988","s","ccc",16,35,126000,0.000126984126984127,"F","F"
"989","s","ccs",0,30,108000,0,"F","F"
"990","s","cd",14,30,108000,0.00012962962962963,"F","F"
"991","s","cs",39,30,108000,0.000361111111111111,"F","F"
"992","s","d",2377,26,93600,0.0253952991452991,"F","F"
"993","s","dcd",0,30,108000,0,"F","F"
"994","s","dd",0,30,108000,0,"F","F"
"995","s","ddd",0,22,79200,0,"F","M"
"996","s","ddld",0,26,93600,0,"F","F"
"997","s","dld",47,22,79200,0.000593434343434343,"F","M"
"998","s","dos",56,40,144000,0.000388888888888889,"F","F"
"999","s","dr",0,30,108000,0,"F","F"
"1000","s","ds",72,30,108000,0.000666666666666667,"F","F"
"1001","s","eve",0,26,93600,0,"F","F"
"1002","s","hilga",154,3,10800,0.0142592592592593,"F","F"
"1003","s","ivy",163,25,90000,0.00181111111111111,"F","F"
"1004","s","ld",0,30,108000,0,"F","F "
"1005","s","ldc",0,30,108000,0,"F","M"
"1006","s","ldd",0,10,36000,0,"F","M"
"1007","s","lds",0,11,39600,0,"F","F "
"1008","s","lsd",0,7,25200,0,"F","F"
"1009","s","no.band",10,21,75600,0.000132275132275132,"F","F"
"1010","s","ola",0,25,90000,0,"F","F"
"1011","s","r",311,22,79200,0.00392676767676768,"F","F"
"1012","s","rc",208,33,118800,0.00175084175084175,"F","F"
"1013","s","sc",0,25,90000,0,"F","F"
"1014","s","scs",0,29,104400,0,"F","F"
"1015","s","sd",0,21,75600,0,"F","F"
"1016","s","sld",0,27,97200,0,"F","M"
"1017","s","son.of.ola",0,30,108000,0,"F","M"
"1018","s","ss",0,31,111600,0,"F","F"
"1019","s","sss",0,22,79200,0,"F","F"
"1020","s","tes",19,31,111600,0.000170250896057348,"F","F"
"1021","s","una",22,19,68400,0.000321637426900585,"F","F"
"1022","sc","c",6,23,82800,7.2463768115942e-05,"F","F"
"1023","sc","cat",0,25,90000,0,"F","F"
"1024","sc","cc",0,20,72000,0,"F","F"
"1025","sc","ccc",0,30,108000,0,"F","F"
"1026","sc","ccs",2534,39,140400,0.018048433048433,"F","F"
"1027","sc","cd",94,23,82800,0.00113526570048309,"F","F"
"1028","sc","cs",6,21,75600,7.93650793650794e-05,"F","F"
"1029","sc","d",40,30,108000,0.00037037037037037,"F","F"
"1030","sc","dcd",0,30,108000,0,"F","F"
"1031","sc","dd",0,30,108000,0,"F","F"
"1032","sc","ddd",28,22,79200,0.000353535353535354,"F","M"
"1033","sc","ddld",0,30,108000,0,"F","F"
"1034","sc","dld",0,30,108000,0,"F","M"
"1035","sc","dos",11,30,108000,0.000101851851851852,"F","F"
"1036","sc","dr",0,20,72000,0,"F","F"
"1037","sc","ds",0,29,104400,0,"F","F"
"1038","sc","eve",0,30,108000,0,"F","F"
"1039","sc","ivy",0,30,108000,0,"F","F"
"1040","sc","ld",26,30,108000,0.000240740740740741,"F","F "
"1041","sc","ldc",7,30,108000,6.48148148148148e-05,"F","M"
"1042","sc","ldd",219,30,108000,0.00202777777777778,"F","M"
"1043","sc","lds",0,31,111600,0,"F","F "
"1044","sc","lsd",0,5,18000,0,"F","F"
"1045","sc","no.band",8,19,68400,0.000116959064327485,"F","F"
"1046","sc","ola",5,20,72000,6.94444444444444e-05,"F","F"
"1047","sc","r",90,30,108000,0.000833333333333333,"F","F"
"1048","sc","rc",0,30,108000,0,"F","F"
"1049","sc","s",22,25,90000,0.000244444444444444,"F","F"
"1050","sc","scs",0,10,36000,0,"F","F"
"1051","sc","sd",0,25,90000,0,"F","F"
"1052","sc","sld",0,23,82800,0,"F","M"
"1053","sc","son.of.ola",0,25,90000,0,"F","M"
"1054","sc","ss",7,12,43200,0.000162037037037037,"F","F"
"1055","sc","sss",9036,32,115200,0.0784375,"F","F"
"1056","sc","tes",41,38,136800,0.000299707602339181,"F","F"
"1057","sc","una",156,19,68400,0.00228070175438596,"F","F"
"1058","scc","dos",27,1,3600,0.0075,"F","F"
"1059","scs","c",0,17,61200,0,"F","F"
"1060","scs","cat",16,29,104400,0.000153256704980843,"F","F"
"1061","scs","cc",4241,29,104400,0.0406226053639847,"F","F"
"1062","scs","ccc",6,25,90000,6.66666666666667e-05,"F","F"
"1063","scs","ccs",24,25,90000,0.000266666666666667,"F","F"
"1064","scs","cd",25,21,75600,0.000330687830687831,"F","F"
"1065","scs","cs",165,19,68400,0.00241228070175439,"F","F"
"1066","scs","d",1911,28,100800,0.0189583333333333,"F","F"
"1067","scs","dcd",0,29,104400,0,"F","F"
"1068","scs","dd",40,29,104400,0.000383141762452107,"F","F"
"1069","scs","ddd",0,21,75600,0,"F","M"
"1070","scs","ddld",0,29,104400,0,"F","F"
"1071","scs","dld",0,29,104400,0,"F","M"
"1072","scs","dos",0,29,104400,0,"F","F"
"1073","scs","dr",8,16,57600,0.000138888888888889,"F","F"
"1074","scs","ds",110,29,104400,0.0010536398467433,"F","F"
"1075","scs","eve",309,30,108000,0.00286111111111111,"F","F"
"1076","scs","ivy",213,29,104400,0.00204022988505747,"F","F"
"1077","scs","ld",0,25,90000,0,"F","F "
"1078","scs","ldc",0,29,104400,0,"F","M"
"1079","scs","ldd",0,29,104400,0,"F","M"
"1080","scs","lds",0,30,108000,0,"F","F "
"1081","scs","lsd",0,5,18000,0,"F","F"
"1082","scs","no.band",14,19,68400,0.000204678362573099,"F","F"
"1083","scs","ola",186,29,104400,0.0017816091954023,"F","F"
"1084","scs","r",3047,29,104400,0.0291858237547893,"F","F"
"1085","scs","rc",746,29,104400,0.0071455938697318,"F","F"
"1086","scs","s",10,29,104400,9.57854406130268e-05,"F","F"
"1087","scs","sc",0,10,36000,0,"F","F"
"1088","scs","sd",65,37,133200,0.000487987987987988,"F","F"
"1089","scs","sld",0,16,57600,0,"F","M"
"1090","scs","son.of.ola",0,29,104400,0,"F","M"
"1091","scs","ss",59,10,36000,0.00163888888888889,"F","F"
"1092","scs","sss",0,29,104400,0,"F","F"
"1093","scs","tes",16,29,104400,0.000153256704980843,"F","F"
"1094","scs","una",754,30,108000,0.00698148148148148,"F","F"
"1095","sd","c",10,29,104400,9.57854406130268e-05,"F","F"
"1096","sd","cat",0,29,104400,0,"F","F"
"1097","sd","cc",71,25,90000,0.000788888888888889,"F","F"
"1098","sd","ccc",257,20,72000,0.00356944444444444,"F","F"
"1099","sd","ccs",16,20,72000,0.000222222222222222,"F","F"
"1100","sd","cd",1531,29,104400,0.0146647509578544,"F","F"
"1101","sd","cs",34,29,104400,0.000325670498084291,"F","F"
"1102","sd","d",345,37,133200,0.00259009009009009,"F","F"
"1103","sd","dcd",0,29,104400,0,"F","F"
"1104","sd","dd",0,20,72000,0,"F","F"
"1105","sd","ddd",66,21,75600,0.000873015873015873,"F","M"
"1106","sd","ddld",0,29,104400,0,"F","F"
"1107","sd","dld",80,34,122400,0.00065359477124183,"F","M"
"1108","sd","dos",0,10,36000,0,"F","F"
"1109","sd","dr",0,29,104400,0,"F","F"
"1110","sd","ds",73,29,104400,0.000699233716475096,"F","F"
"1111","sd","eve",66,29,104400,0.000632183908045977,"F","F"
"1112","sd","ivy",0,5,18000,0,"F","F"
"1113","sd","ld",19,20,72000,0.000263888888888889,"F","F "
"1114","sd","ldc",8,29,104400,7.66283524904215e-05,"F","M"
"1115","sd","ldd",129,29,104400,0.00123563218390805,"F","M"
"1116","sd","lds",6,30,108000,5.55555555555556e-05,"F","F "
"1117","sd","lsd",0,7,25200,0,"F","F"
"1118","sd","no.band",5739,21,75600,0.0759126984126984,"F","F"
"1119","sd","ola",15,16,57600,0.000260416666666667,"F","F"
"1120","sd","r",894,29,104400,0.0085632183908046,"F","F"
"1121","sd","rc",296,25,90000,0.00328888888888889,"F","F"
"1122","sd","s",19,21,75600,0.000251322751322751,"F","F"
"1123","sd","sc",18,25,90000,2e-04,"F","F"
"1124","sd","scs",56,37,133200,0.00042042042042042,"F","F"
"1125","sd","sld",0,24,86400,0,"F","M"
"1126","sd","son.of.ola",0,19,68400,0,"F","M"
"1127","sd","ss",13,30,108000,0.00012037037037037,"F","F"
"1128","sd","sss",0,29,104400,0,"F","F"
"1129","sd","tes",0,29,104400,0,"F","F"
"1130","sd","una",1602,30,108000,0.0148333333333333,"F","F"
"1131","six","cd",544,5,18000,0.0302222222222222,"F","F"
"1132","six","csc",11,4,14400,0.000763888888888889,"F","F"
"1133","six","dd",0,1,3600,0,"F","F"
"1134","sld","c",92,20,72000,0.00127777777777778,"M","F"
"1135","sld","cat",0,25,90000,0,"M","F"
"1136","sld","cc",0,24,86400,0,"M","F"
"1137","sld","ccc",1534,23,82800,0.0185265700483092,"M","F"
"1138","sld","ccs",23,20,72000,0.000319444444444444,"M","F"
"1139","sld","cd",10,25,90000,0.000111111111111111,"M","F"
"1140","sld","cs",0,22,79200,0,"M","F"
"1141","sld","d",0,15,54000,0,"M","F"
"1142","sld","dcd",0,25,90000,0,"M","F"
"1143","sld","dd",0,25,90000,0,"M","F"
"1144","sld","ddd",0,20,72000,0,"M","M"
"1145","sld","ddld",0,25,90000,0,"M","F"
"1146","sld","dld",13,20,72000,0.000180555555555556,"M","M"
"1147","sld","dos",0,29,104400,0,"M","F"
"1148","sld","dr",0,16,57600,0,"M","F"
"1149","sld","ds",0,17,61200,0,"M","F"
"1150","sld","eve",0,25,90000,0,"M","F"
"1151","sld","ivy",6,24,86400,6.94444444444444e-05,"M","F"
"1152","sld","ld",13,20,72000,0.000180555555555556,"M","F "
"1153","sld","ldc",11,25,90000,0.000122222222222222,"M","M"
"1154","sld","ldd",0,25,90000,0,"M","M"
"1155","sld","lds",42,26,93600,0.000448717948717949,"M","F "
"1156","sld","lsd",0,4,14400,0,"M","F"
"1157","sld","no.band",0,17,61200,0,"M","F"
"1158","sld","ola",0,24,86400,0,"M","F"
"1159","sld","r",0,25,90000,0,"M","F"
"1160","sld","rc",0,28,100800,0,"M","F"
"1161","sld","s",0,27,97200,0,"M","F"
"1162","sld","sc",0,23,82800,0,"M","F"
"1163","sld","scs",0,16,57600,0,"M","F"
"1164","sld","sd",0,24,86400,0,"M","F"
"1165","sld","son.of.ola",17,25,90000,0.000188888888888889,"M","M"
"1166","sld","ss",8,24,86400,9.25925925925926e-05,"M","F"
"1167","sld","sss",0,25,90000,0,"M","F"
"1168","sld","tes",0,17,61200,0,"M","F"
"1169","sld","una",7,22,79200,8.83838383838384e-05,"M","F"
"1170","son.of.ola","c",10,30,108000,9.25925925925926e-05,"M","F"
"1171","son.of.ola","cat",95,20,72000,0.00131944444444444,"M","F"
"1172","son.of.ola","cc",0,18,64800,0,"M","F"
"1173","son.of.ola","ccc",109,12,43200,0.00252314814814815,"M","F"
"1174","son.of.ola","ccs",0,30,108000,0,"M","F"
"1175","son.of.ola","cd",0,30,108000,0,"M","F"
"1176","son.of.ola","cs",0,25,90000,0,"M","F"
"1177","son.of.ola","d",44,30,108000,0.000407407407407407,"M","F"
"1178","son.of.ola","dcd",0,23,82800,0,"M","F"
"1179","son.of.ola","dd",0,30,108000,0,"M","F"
"1180","son.of.ola","ddd",0,25,90000,0,"M","M"
"1181","son.of.ola","ddld",0,30,108000,0,"M","F"
"1182","son.of.ola","dld",42,30,108000,0.000388888888888889,"M","M"
"1183","son.of.ola","dos",0,20,72000,0,"M","F"
"1184","son.of.ola","dr",0,30,108000,0,"M","F"
"1185","son.of.ola","ds",35,30,108000,0.000324074074074074,"M","F"
"1186","son.of.ola","eve",0,25,90000,0,"M","F"
"1187","son.of.ola","ivy",0,20,72000,0,"M","F"
"1188","son.of.ola","ld",5,12,43200,0.000115740740740741,"M","F "
"1189","son.of.ola","ldc",89,25,90000,0.000988888888888889,"M","M"
"1190","son.of.ola","ldd",8,30,108000,7.40740740740741e-05,"M","M"
"1191","son.of.ola","lds",0,31,111600,0,"M","F "
"1192","son.of.ola","lsd",0,7,25200,0,"M","F"
"1193","son.of.ola","no.band",12,27,97200,0.000123456790123457,"M","F"
"1194","son.of.ola","ola",903,29,104400,0.00864942528735632,"M","F"
"1195","son.of.ola","r",0,30,108000,0,"M","F"
"1196","son.of.ola","rc",0,23,82800,0,"M","F"
"1197","son.of.ola","s",0,30,108000,0,"M","F"
"1198","son.of.ola","sc",0,25,90000,0,"M","F"
"1199","son.of.ola","scs",0,29,104400,0,"M","F"
"1200","son.of.ola","sd",0,19,68400,0,"M","F"
"1201","son.of.ola","sld",51,25,90000,0.000566666666666667,"M","M"
"1202","son.of.ola","ss",0,35,126000,0,"M","F"
"1203","son.of.ola","sss",0,20,72000,0,"M","F"
"1204","son.of.ola","tes",50,30,108000,0.000462962962962963,"M","F"
"1205","son.of.ola","una",12,29,104400,0.000114942528735632,"M","F"
"1206","ss","c",31,22,79200,0.000391414141414141,"F","F"
"1207","ss","cat",9,31,111600,8.06451612903226e-05,"F","F"
"1208","ss","cc",360,31,111600,0.0032258064516129,"F","F"
"1209","ss","ccc",71,25,90000,0.000788888888888889,"F","F"
"1210","ss","ccs",277,25,90000,0.00307777777777778,"F","F"
"1211","ss","cd",159,23,82800,0.00192028985507246,"F","F"
"1212","ss","cs",5,21,75600,6.61375661375661e-05,"F","F"
"1213","ss","d",130,29,104400,0.00124521072796935,"F","F"
"1214","ss","dcd",0,31,111600,0,"F","F"
"1215","ss","dd",846,31,111600,0.00758064516129032,"F","F"
"1216","ss","ddd",46,18,64800,0.000709876543209877,"F","M"
"1217","ss","ddld",11153,30,108000,0.103268518518519,"F","F"
"1218","ss","dld",54,25,90000,6e-04,"F","M"
"1219","ss","dos",6,31,111600,5.37634408602151e-05,"F","F"
"1220","ss","dr",7,21,75600,9.25925925925926e-05,"F","F"
"1221","ss","ds",194,21,75600,0.00256613756613757,"F","F"
"1222","ss","eve",332,31,111600,0.00297491039426523,"F","F"
"1223","ss","ivy",657,31,111600,0.00588709677419355,"F","F"
"1224","ss","ld",0,30,108000,0,"F","F "
"1225","ss","ldc",0,31,111600,0,"F","M"
"1226","ss","ldd",62,21,75600,0.00082010582010582,"F","M"
"1227","ss","lds",0,32,115200,0,"F","F "
"1228","ss","lsd",0,5,18000,0,"F","F"
"1229","ss","no.band",56,21,75600,0.000740740740740741,"F","F"
"1230","ss","ola",345,40,144000,0.00239583333333333,"F","F"
"1231","ss","r",304,31,111600,0.00272401433691756,"F","F"
"1232","ss","rc",36,31,111600,0.00032258064516129,"F","F"
"1233","ss","s",33,31,111600,0.000295698924731183,"F","F"
"1234","ss","sc",66,12,43200,0.00152777777777778,"F","F"
"1235","ss","scs",91,10,36000,0.00252777777777778,"F","F"
"1236","ss","sd",0,30,108000,0,"F","F"
"1237","ss","sld",0,24,86400,0,"F","M"
"1238","ss","son.of.ola",0,35,126000,0,"F","M"
"1239","ss","sss",305,31,111600,0.00273297491039427,"F","F"
"1240","ss","tes",19,27,97200,0.000195473251028807,"F","F"
"1241","ss","una",61,23,82800,0.000736714975845411,"F","F"
"1242","sss","c",0,20,72000,0,"F","F"
"1243","sss","cat",8,20,72000,0.000111111111111111,"F","F"
"1244","sss","cc",165,25,90000,0.00183333333333333,"F","F"
"1245","sss","ccc",80,30,108000,0.000740740740740741,"F","F"
"1246","sss","ccs",272,38,136800,0.00198830409356725,"F","F"
"1247","sss","cd",0,20,72000,0,"F","F"
"1248","sss","cs",53,25,90000,0.000588888888888889,"F","F"
"1249","sss","d",32,30,108000,0.000296296296296296,"F","F"
"1250","sss","dcd",0,30,108000,0,"F","F"
"1251","sss","dd",75,30,108000,0.000694444444444444,"F","F"
"1252","sss","ddd",149,22,79200,0.00188131313131313,"F","M"
"1253","sss","ddld",19,30,108000,0.000175925925925926,"F","F"
"1254","sss","dld",14,10,36000,0.000388888888888889,"F","M"
"1255","sss","dos",0,30,108000,0,"F","F"
"1256","sss","dr",97,30,108000,0.000898148148148148,"F","F"
"1257","sss","ds",28,30,108000,0.000259259259259259,"F","F"
"1258","sss","eve",8,25,90000,8.88888888888889e-05,"F","F"
"1259","sss","ivy",0,30,108000,0,"F","F"
"1260","sss","ld",25,30,108000,0.000231481481481481,"F","F "
"1261","sss","ldc",12,25,90000,0.000133333333333333,"F","M"
"1262","sss","ldd",0,22,79200,0,"F","M"
"1263","sss","lds",0,23,82800,0,"F","F "
"1264","sss","lsd",0,7,25200,0,"F","F"
"1265","sss","no.band",0,26,93600,0,"F","F"
"1266","sss","ola",0,25,90000,0,"F","F"
"1267","sss","r",0,10,36000,0,"F","F"
"1268","sss","rc",60,30,108000,0.000555555555555556,"F","F"
"1269","sss","s",39,22,79200,0.000492424242424242,"F","F"
"1270","sss","sc",9529,32,115200,0.0827170138888889,"F","F"
"1271","sss","scs",9,29,104400,8.62068965517241e-05,"F","F"
"1272","sss","sd",13,29,104400,0.000124521072796935,"F","F"
"1273","sss","sld",8,25,90000,8.88888888888889e-05,"F","M"
"1274","sss","son.of.ola",0,20,72000,0,"F","M"
"1275","sss","ss",621,31,111600,0.00556451612903226,"F","F"
"1276","sss","tes",120,38,136800,0.00087719298245614,"F","F"
"1277","sss","una",85,21,75600,0.00112433862433862,"F","F"
"1278","tes","c",87,30,108000,0.000805555555555556,"F","F"
"1279","tes","cat",11,26,93600,0.000117521367521368,"F","F"
"1280","tes","cc",82,30,108000,0.000759259259259259,"F","F"
"1281","tes","ccc",387,30,108000,0.00358333333333333,"F","F"
"1282","tes","ccs",329,40,144000,0.00228472222222222,"F","F"
"1283","tes","cd",0,25,90000,0,"F","F"
"1284","tes","cs",21,22,79200,0.000265151515151515,"F","F"
"1285","tes","csc",0,1,3600,0,"F","F"
"1286","tes","d",49,30,108000,0.000453703703703704,"F","F"
"1287","tes","dcd",16,25,90000,0.000177777777777778,"F","F"
"1288","tes","dd",304,30,108000,0.00281481481481481,"F","F"
"1289","tes","ddd",0,12,43200,0,"F","M"
"1290","tes","ddld",0,20,72000,0,"F","F"
"1291","tes","dld",22,30,108000,0.000203703703703704,"F","M"
"1292","tes","dos",1061,25,90000,0.0117888888888889,"F","F"
"1293","tes","dr",0,21,75600,0,"F","F"
"1294","tes","ds",27,5,18000,0.0015,"F","F"
"1295","tes","eve",333,30,108000,0.00308333333333333,"F","F"
"1296","tes","ivy",294,30,108000,0.00272222222222222,"F","F"
"1297","tes","ld",41,30,108000,0.00037962962962963,"F","F "
"1298","tes","ldc",11,26,93600,0.000117521367521368,"F","M"
"1299","tes","ldd",6,25,90000,6.66666666666667e-05,"F","M"
"1300","tes","lds",27,31,111600,0.000241935483870968,"F","F "
"1301","tes","lsd",0,4,14400,0,"F","F"
"1302","tes","no.band",0,16,57600,0,"F","F"
"1303","tes","ola",1516,30,108000,0.014037037037037,"F","F"
"1304","tes","r",231,30,108000,0.00213888888888889,"F","F"
"1305","tes","rc",73,30,108000,0.000675925925925926,"F","F"
"1306","tes","s",10,31,111600,8.96057347670251e-05,"F","F"
"1307","tes","sc",150,38,136800,0.00109649122807018,"F","F"
"1308","tes","scs",0,29,104400,0,"F","F"
"1309","tes","sd",0,29,104400,0,"F","F"
"1310","tes","sld",0,17,61200,0,"F","M"
"1311","tes","son.of.ola",366,30,108000,0.00338888888888889,"F","M"
"1312","tes","ss",0,27,97200,0,"F","F"
"1313","tes","sss",193,38,136800,0.00141081871345029,"F","F"
"1314","tes","una",1974,29,104400,0.0189080459770115,"F","F"
"1315","una","c",81,11,39600,0.00204545454545455,"F","F"
"1316","una","cat",196,29,104400,0.00187739463601533,"F","F"
"1317","una","cc",0,24,86400,0,"F","F"
"1318","una","ccc",329,29,104400,0.00315134099616858,"F","F"
"1319","una","ccs",63,30,108000,0.000583333333333333,"F","F"
"1320","una","cd",6,11,39600,0.000151515151515152,"F","F"
"1321","una","cs",426,28,100800,0.00422619047619048,"F","F"
"1322","una","d",478,37,133200,0.00358858858858859,"F","F"
"1323","una","dcd",0,29,104400,0,"F","F"
"1324","una","dd",44,29,104400,0.000421455938697318,"F","F"
"1325","una","ddd",0,22,79200,0,"F","M"
"1326","una","ddld",0,29,104400,0,"F","F"
"1327","una","dld",29,25,90000,0.000322222222222222,"F","M"
"1328","una","dos",265,29,104400,0.00253831417624521,"F","F"
"1329","una","dr",31,29,104400,0.000296934865900383,"F","F"
"1330","una","ds",7,29,104400,6.70498084291188e-05,"F","F"
"1331","una","eve",62,29,104400,0.000593869731800766,"F","F"
"1332","una","ivy",516,24,86400,0.00597222222222222,"F","F"
"1333","una","ld",0,29,104400,0,"F","F "
"1334","una","ldc",5,29,104400,4.78927203065134e-05,"F","M"
"1335","una","ldd",0,29,104400,0,"F","M"
"1336","una","lds",0,30,108000,0,"F","F "
"1337","una","lsd",0,6,21600,0,"F","F"
"1338","una","no.band",7105,21,75600,0.0939814814814815,"F","F"
"1339","una","ola",768,24,86400,0.00888888888888889,"F","F"
"1340","una","r",176,20,72000,0.00244444444444444,"F","F"
"1341","una","rc",33,24,86400,0.000381944444444444,"F","F"
"1342","una","s",77,19,68400,0.00112573099415205,"F","F"
"1343","una","sc",110,19,68400,0.00160818713450292,"F","F"
"1344","una","scs",548,30,108000,0.00507407407407407,"F","F"
"1345","una","sd",708,30,108000,0.00655555555555556,"F","F"
"1346","una","sld",0,22,79200,0,"F","M"
"1347","una","son.of.ola",354,29,104400,0.00339080459770115,"F","M"
"1348","una","ss",19,23,82800,0.000229468599033816,"F","F"
"1349","una","sss",31,21,75600,0.00041005291005291,"F","F"
"1350","una","tes",875,29,104400,0.00838122605363985,"F","F"
